{"tweet_id":1389909785458343937,"user_username":"M19Manny","text":"@indayevarona Correct, The like of Cayetano, depensor, remulla, Marcoleta, alvarado, are  puppets of du30 against ABS CBN","favorite_count":0,"retweet_count":0,"created_at":1620215290000,"location":""}
{"tweet_id":1389901551720833024,"user_username":"SnowflakesRacer","text":"@ANCALERTS @jmnpunzalan Why \"Talk to the People\" when he has nothing important to tell.\nWhy don't they make it a \"Talk To Justice Carpio &amp; Sec. Del Rosario\" instead.\nThat could be a MORE PRODUCTIVE discussion than du30's senseless talk to the people show.\nAnd the people will be MORE INFORMED ACCURATELY!","favorite_count":0,"retweet_count":0,"created_at":1620213327000,"location":"Cavite"}
{"tweet_id":1389901259562373126,"user_username":"renjunrush","text":"why does my dad like du30 i hate it here \ud83d\udc80\ud83d\udc80\ud83d\udc80","favorite_count":0,"retweet_count":0,"created_at":1620213258000,"location":""}
{"tweet_id":1389894486407352322,"user_username":"itsjaymie15","text":"Tbh du30 and politics aside mental issues can\u2019t just be cured with rest, lol I have been trying to fix myself since I was 12. It will go away for a bit but it\u2019ll hit u all at once. https:\/\/t.co\/eiByHweR7l","favorite_count":0,"retweet_count":0,"created_at":1620211643000,"location":""}
{"tweet_id":1389891881220202496,"user_username":"NomadParkTrails","text":"Words of wisdom from our leaders. One got Covid but really just accepted DU30 failed pandemic response. @stgatchalian @sonnyangara @Teddybird https:\/\/t.co\/oY4ovUe66U","favorite_count":2,"retweet_count":0,"created_at":1620211022000,"location":"Republic of the Philippines"}
{"tweet_id":1389888838261088259,"user_username":"dairo_fernando","text":"Osme\u00f1a says: Drugs linger because Du30 is \u2018scared of China\u2019 https:\/\/t.co\/r7Ffzdh28b","favorite_count":9,"retweet_count":1,"created_at":1620210296000,"location":""}
{"tweet_id":1389874321439481858,"user_username":"XiyueXiyue","text":"@lakwatsarah Pucha did they really lose their braincells after contracting the DU30 virus? Mas masahol pa sa T-Virus eh.","favorite_count":6,"retweet_count":0,"created_at":1620206835000,"location":"Labo, Bicol Region"}
{"tweet_id":1389868825030447108,"user_username":"arisjhon5","text":"This government is do focused on defending du30 rather than doing something good https:\/\/t.co\/Y1Z0x121NG","favorite_count":1,"retweet_count":0,"created_at":1620205525000,"location":"UST-JRN"}
{"tweet_id":1389866592398237697,"user_username":"starwarsghurl","text":"POOR BENEFITS. VERY VERY POOR. PLUS YOURE IN THE MUD WITH THEM FOR DU30\u2019S KAPALPAKAN POTAAAHH","favorite_count":0,"retweet_count":0,"created_at":1620204992000,"location":""}
{"tweet_id":1389866337317662724,"user_username":"InfluencerBotPH","text":"Top 20 restaurants to bargain in Laos while Du30 annihilates everyone!","favorite_count":0,"retweet_count":0,"created_at":1620204931000,"location":"Far from reality"}
{"tweet_id":1389866037273776128,"user_username":"M19Manny","text":"@FourthAfterFall Definitely NOT, the killing of the members of the left is in du30's hand ,They will support BZ VP Leni, para mapa kulong c du30 at kanyang galamay na magnanakaw.","favorite_count":1,"retweet_count":0,"created_at":1620204860000,"location":""}
{"tweet_id":1389865892452917249,"user_username":"SirDhoy","text":"@societyofhonor @teddyboylocsin well, TBL should be the voice of du30 in relation to Foreign Diplomacy... \nTBL says one thing about WPS (which we appreciate); but du30 is saying the opposite...\n\nI wonder how is this possible...\nmaybe, they don't have DM each other or something is happening at the background","favorite_count":0,"retweet_count":0,"created_at":1620204825000,"location":"Jubail, Saudi Arabia"}
{"tweet_id":1389864067485995010,"user_username":"welscua","text":"We are lucky for having press freedom. I worked in other countries where twitter n facebook are either banned or censored. We use VPN so as to access our social media account. And yet DU30 is demonized by some \"press people\" 24\/7 for suppressing press freedom. See the irony. https:\/\/t.co\/wQGQIo4R1N","favorite_count":3,"retweet_count":0,"created_at":1620204390000,"location":""}
{"tweet_id":1389854772547620864,"user_username":"pagdiwa","text":"i mean ok TG is a bbm supporter and PP supported du30 but. aside from that","favorite_count":1,"retweet_count":0,"created_at":1620202174000,"location":"Republic of the Philippines"}
{"tweet_id":1389844041097875457,"user_username":"vncnz_00","text":"sister: du30 never said that he did not say that he would retake west philippine sea from china\nme: where did you get that?\nsister: from our assistant principal's story\nsister: du30 is soooo dumb. siya lang ang presidenteng bobo. kailan ba 'to masisibak sa pwesto?","favorite_count":0,"retweet_count":0,"created_at":1620199616000,"location":":):"}
{"tweet_id":1389843751309246464,"user_username":"krameoj2","text":"@cleto_que @ricardocelebra1 @maria_clarita18 @fightingIsda arbitral case filed got so watered down that demands against china for UNCLOS violations were deleted from the final complaint. left nothing but a declaration of violations with no demand for action re said violations. NOW, they want du30 to act on it. with what?","favorite_count":0,"retweet_count":0,"created_at":1620199547000,"location":""}
{"tweet_id":1389832157770620933,"user_username":"alexislao11","text":"@iammarlonramos Lol   Du30 made that jetski \u201cjoke\u201d when he was asked in the presidential debate   It was never part of his campaign promises   Wh dont u post his published platform in media so that all wl be clear on who is lying","favorite_count":0,"retweet_count":0,"created_at":1620196782000,"location":"National Capital Region, Republic of the Philippines"}
{"tweet_id":1389823661545193476,"user_username":"temyongswift","text":"@BlkTwentyEight Simpler times. Remember when we only worry about Lolit Solis' scam? Ngaun China WPS Du30 scam na.","favorite_count":1,"retweet_count":1,"created_at":1620194757000,"location":"Bayan Muna Bago Sarili"}
{"tweet_id":1389811015982845955,"user_username":"dieformg","text":"du30 fell first\n\n#DuBredoSaTamangPanahon https:\/\/t.co\/bKtgGRHBJy","favorite_count":1,"retweet_count":0,"created_at":1620191742000,"location":"\ud83c\udff3\ufe0f\u200d\ud83c\udf08 she\/they"}
{"tweet_id":1389809662489337861,"user_username":"vminmeows","text":"good afternoon except kay du30","favorite_count":0,"retweet_count":0,"created_at":1620191419000,"location":"zbgc \u2022 heaven ugh gdm"}
{"tweet_id":1389802641014751238,"user_username":"gelbeomyeol","text":"I have a theeerrrrreeee (theory) that once du30 is no longer president of this country, it will be a much better place to live in","favorite_count":6,"retweet_count":1,"created_at":1620189745000,"location":""}
{"tweet_id":1389802093624524801,"user_username":"tlhannahxx","text":"Opposition side kami sa debate with the motion na Ph gov is weak to face covid 19 &lt;3 lol pano po maging pro du30 for a while??","favorite_count":2,"retweet_count":0,"created_at":1620189615000,"location":""}
{"tweet_id":1389797017275097088,"user_username":"rhummmbot","text":"Calling someone's platform a trash because it isn't what the students need should not entirely constitute to someone's character. Although she could've used a more appropriate word, hindi naman ata tama na i-compare kay Du30 dahil napakalayo. https:\/\/t.co\/66WEle2FNf","favorite_count":17,"retweet_count":2,"created_at":1620188404000,"location":""}
{"tweet_id":1389796071061147650,"user_username":"DIFFANG1","text":"@RDA47338427 @zendmeur The last visit of DU30 in JOLO says it all... The military was serious and didn't even applaud nor reacted to his jokes and worst  claims even when he said he shut down ABSCBN.\nEven the Military knows.","favorite_count":2,"retweet_count":0,"created_at":1620188179000,"location":""}
{"tweet_id":1389787372527620098,"user_username":"DIFFANG1","text":"We've been had by DU30.\nWorst part is they're (incumbents) still saying it's the will of the people...\nMore than half didn't vote nor believed his empty promises.\nMost who voted understand it now, even as early as 2016.\nThat they were all duped by a\nThug.","favorite_count":3,"retweet_count":0,"created_at":1620186105000,"location":""}
{"tweet_id":1389785758987292672,"user_username":"mae_love05","text":"@inquirerdotnet @KAguilarINQ it should be \"Presiden Du30 will pinpoint, get angry,  curse, murmur,  give false hope infront of the public this wed\"","favorite_count":3,"retweet_count":0,"created_at":1620185720000,"location":"San Juan City"}
{"tweet_id":1389785323798892544,"user_username":"vrminz","text":"if i throw up again, kasalanan toh ni du30 charot","favorite_count":3,"retweet_count":0,"created_at":1620185616000,"location":"Jeong Jae-hyun (\u110c\u1165\u11bc\u110c\u1162\u1112\u1167\u11ab) is a singer, song-writer, rapper, and a actor, born in Seoul, South Korea on February 14, 1997."}
{"tweet_id":1389784229823750144,"user_username":"atengpharma","text":"Tonight with Manong Du30 https:\/\/t.co\/ne3LwJYdQq","favorite_count":0,"retweet_count":0,"created_at":1620185355000,"location":"ahgase \ud83d\udc9a"}
{"tweet_id":1389783309954142212,"user_username":"Pedriones","text":"Du30 apppinted by the Lord daw https:\/\/t.co\/E4XEID3K5A","favorite_count":0,"retweet_count":0,"created_at":1620185136000,"location":"Casa Marasigan"}
{"tweet_id":1389782117186359297,"user_username":"kaimeanschicken","text":"@jnnirawr OUST DU30 \n\nI vote #HowYouLikeThat for #BestMusicVideo on #iHeartAwards \n@BLACKPINK","favorite_count":1,"retweet_count":1,"created_at":1620184852000,"location":"Rivelde"}
{"tweet_id":1389773438563229697,"user_username":"DenzPenz","text":"@deo03 I campaign for du30 in 2016, voted for him but choose Robredo as VP. Why? His true self slowly unraveled during campaign, the lies and deciet and the attempt to sow fakery was clearer by the day. I had a gutt feeling that it will get worse if he is elected.","favorite_count":11,"retweet_count":0,"created_at":1620182783000,"location":""}
{"tweet_id":1389771169025335298,"user_username":"ProfHeist","text":"@PhilippineStar Du30's Super Heroes https:\/\/t.co\/0k9xddLXtS","favorite_count":6,"retweet_count":1,"created_at":1620182242000,"location":"\ud83c\uddfa\ud83c\uddf8 \/ \ud83c\udde8\ud83c\udde6"}
{"tweet_id":1389768481667571712,"user_username":"BicolanoP","text":"@IpeLustre Looking at the age gap between the 2 future pugilists. Del Rosario is 82. Du30 is 76. Octogenarian vs Septuagenarian. A gentleman of the old school vs neighborhood aging bully. If I were a betting man, I would bet on old school. \u2764\ufe0f\ud83c\uddf5\ud83c\udded","favorite_count":10,"retweet_count":0,"created_at":1620181601000,"location":""}
{"tweet_id":1389757071617187843,"user_username":"welscua","text":"@ronbotvidal VP Leni kept attacking DU30 regarding Chinese ships in WPS. Assuming she'll become our next president will the Chinese ships in WPS disappear? Will the Chinese stop entering WPS? Will the Chinese follow the arbitrary decision? Big NO. We could in fact face a small war in WPS.","favorite_count":1,"retweet_count":0,"created_at":1620178880000,"location":""}
{"tweet_id":1389755970071326720,"user_username":"SporadicShooter","text":"@solis_tom @deanfortun168 It's now or never for him. He's in the twilight of his boxing career, and let's face it, he is banking on it alone to emerge a winner in 2022. Yes, even if that means junking DU30 to appear the better alternative. \ud83d\ude15\ud83d\ude15\ud83d\ude15","favorite_count":0,"retweet_count":0,"created_at":1620178618000,"location":""}
{"tweet_id":1389752271609548800,"user_username":"xyzaaapasamba","text":"special mention pa naman du30","favorite_count":2,"retweet_count":0,"created_at":1620177736000,"location":"ig: xy.z.a"}
{"tweet_id":1389746689104224257,"user_username":"CornedBeefKaBa","text":"Ntf3lcac comes on.. All the accounts of supports of du30 was reported,Some blocked, some are banned then All the sen@t0rs are \"tah!m!k\" that day \nAnd all their pupp3ts are on cue to do their task to silent all the support3rs of du3O on the day of ntf3lcac @vicegandako","favorite_count":0,"retweet_count":0,"created_at":1620176405000,"location":""}
{"tweet_id":1389744601255223299,"user_username":"Wotayaro","text":"throughout his term, Du30 has been as useful as a broken nail","favorite_count":0,"retweet_count":0,"created_at":1620175907000,"location":""}
{"tweet_id":1389741926027390976,"user_username":"eenao0523","text":"Honestly, sorry to say this but Du30 sounds like a crying 6 y\/o boy na inagawan ng candy and said, \"Suntukin kita!\" https:\/\/t.co\/ORDH2cwjng https:\/\/t.co\/UJxmoDAOYV","favorite_count":0,"retweet_count":0,"created_at":1620175269000,"location":""}
{"tweet_id":1389741784402563074,"user_username":"Ping2Faith","text":"@deo03 When me and my hubby could talk our minds openly on social media. Last day my hubby posted something critical of Du30 and within minutes one of his friends a former DA Sec pm\u2019d him saying don\u2019t interfere in politics. Hubby\u2019s cool reply was \u201cSec Ph is just an option for me\u201d","favorite_count":10,"retweet_count":0,"created_at":1620175236000,"location":"Republic of the Philippines"}
{"tweet_id":1389733437322366978,"user_username":"jojo_castaneda","text":"\u201c Ben-e-fac-tor \u201c meaning ( a person who gives money or other to help a person or cause ) \n\naccording to DU30 China \ud83c\udde8\ud83c\uddf3 is a benefactor ! How much ? Who help who at What cause ?","favorite_count":0,"retweet_count":0,"created_at":1620173246000,"location":""}
{"tweet_id":1389724084813058048,"user_username":"MlaStandard","text":"President Rodrigo Duterte has asserted that the previous administration lost control of the Scarborough Shoal in the West Philippine Sea in a showdown with China when then-Foreign Affairs Secretary Albert Del Rosario ordered a retreat of local---\nREAD MORE https:\/\/t.co\/Jd9pYsCdC2 https:\/\/t.co\/XVwn5Vy1cN","favorite_count":2,"retweet_count":0,"created_at":1620171016000,"location":"Manila, Philippines"}
{"tweet_id":1389721156152791040,"user_username":"certifiedsonny","text":"The Philippines does not need\nSomeone like du30. Du30 squandered pnoy admin's gains.(ie strong economy, budget surplus, wps hague win).\n\nIt's 2021, question, what gains is he talking about? Failed drug war, weak economy, pandemic, corruption, china abuses https:\/\/t.co\/TtNSHIxxCC","favorite_count":4,"retweet_count":0,"created_at":1620170318000,"location":""}
{"tweet_id":1389714950164078594,"user_username":"BataKayumanggi","text":"With great power comes with great responsibility, they say! \n\nIn Du30's case, his great power comes with great hunger, great suffering,  and enormous deaths for Filipinos. \n\nDuterte is nothing but a cursed to the country and to Filipino people.","favorite_count":32,"retweet_count":6,"created_at":1620168838000,"location":"Republic of the Philippines"}
{"tweet_id":1389707568218402817,"user_username":"sapphicdump","text":"@aishitheron sis rlly said oust du30 \ud83d\ude02","favorite_count":0,"retweet_count":0,"created_at":1620167078000,"location":"23 | she\/her"}
{"tweet_id":1389690373547696134,"user_username":"kalasag0911","text":"@PhilipP77125423 @IpeLustre @SenLeiladeLima You need to stop living in the past.  Challenge is today and what matters is the here-and-now. Question is... Will DU30's admin rise up to the challenge to protect our sovereignty? All we've seen thus far is confusion and fingerprinting. Too bad, so sad.","favorite_count":0,"retweet_count":0,"created_at":1620162978000,"location":"Malabon City, National Capital Region"}
{"tweet_id":1389687717601026049,"user_username":"renedelros","text":"@News5PH the advice suits more to Du30","favorite_count":0,"retweet_count":0,"created_at":1620162345000,"location":""}
{"tweet_id":1389683917330870276,"user_username":"LemHar777","text":"Ugh. All these new airports and bridges and stuff. We can never enjoy in the pandemic era. The thankless, entitled wokes will never appreciate it. Perhaps one day the Gen C will avenge us against the Gen Zs who suddenly woke up to a PH torn bet Trapo politics, trash media &amp; DU30","favorite_count":1,"retweet_count":0,"created_at":1620161439000,"location":""}
{"tweet_id":1389645186817400834,"user_username":"M19Manny","text":"@eddie67632849 @Clostri123 @zryanverse Move on, ask former congressman romualdez how Yolanda was property handle. She is not a puppet. U better look on the other side. Today, the holder of  Guinness book of records for being a puppet is no less than the Chinese lap dog named inutil du30. The World knows this.","favorite_count":0,"retweet_count":0,"created_at":1620152205000,"location":""}
{"tweet_id":1389641283207974913,"user_username":"2001cart","text":"normalized blaming du30 for everything &lt;33","favorite_count":0,"retweet_count":0,"created_at":1620151274000,"location":"she\/her - lhs"}
{"tweet_id":1389641197245800449,"user_username":"ramenishii","text":"this pandemic really worsened my insomia and coffee addiction :\/ kasalanan mo to lahat du30","favorite_count":1,"retweet_count":0,"created_at":1620151254000,"location":"\ud83c\uddf5\ud83c\udded"}
{"tweet_id":1389639270348976128,"user_username":"roseanneswift13","text":"du30, you fcking inutile","favorite_count":0,"retweet_count":0,"created_at":1620150794000,"location":"Blackpink"}
{"tweet_id":1389631144656658443,"user_username":"mikastanningYGA","text":"wifi is actin up. Fck du30 \ud83e\udd2c.","favorite_count":0,"retweet_count":0,"created_at":1620148857000,"location":""}
{"tweet_id":1389624829880397824,"user_username":"M19Manny","text":"@FDPascual Style lang ni inutil du30 po yun, to hide his personal interest favoring China. The Madman from the Palace is manipulative.","favorite_count":0,"retweet_count":0,"created_at":1620147352000,"location":""}
{"tweet_id":1389619619204378628,"user_username":"ven_cuenca","text":"Du30, has a Twitter DDS account that he controlled and report to porn mocha account. Seen it, that\u2019s it. https:\/\/t.co\/D2HEBkdTVA","favorite_count":0,"retweet_count":0,"created_at":1620146109000,"location":"UK + Batangas city"}
{"tweet_id":1389617264366784512,"user_username":"NinioCalle13","text":"Too obvious, it is definitely for election and would not be surprised if he gets the node from China. I look forward him doing the same as Du30. https:\/\/t.co\/zvYQ9LBk7V","favorite_count":0,"retweet_count":0,"created_at":1620145548000,"location":"Philippines"}
{"tweet_id":1389601650994827269,"user_username":"LouisDMarsh1","text":"@bongbongmarcos Frankly, Duterte's response to the CCCP invasion of RP Territory and his FAILURE to invoke the US-RP Mutual Def. Treaty makes Du30 look like a Chinese Agent.  Wake Up Filipinos before China takes over the rest of your Country!  Duterte ignores Historic Truth.","favorite_count":0,"retweet_count":0,"created_at":1620141825000,"location":""}
{"tweet_id":1389590163018469378,"user_username":"SirDhoy","text":"@teddyboylocsin give it up; you don't have du30 to back you up...\n\njust wait and see when a real President takes over...\nhopefully, you are still around when we show the world how we can take back what is ours...","favorite_count":6,"retweet_count":0,"created_at":1620139086000,"location":"Jubail, Saudi Arabia"}
{"tweet_id":1389588993231183875,"user_username":"Medicfirefightr","text":"@TishaCM When majority of the filipinos still have the greatest trust to DU30 till now,that would make  carpio &amp; the rest of the un-ending bitter opposition to expose more of their stupidity &amp; most of all, s%|t in their pants.","favorite_count":1,"retweet_count":0,"created_at":1620138807000,"location":"Iraq"}
{"tweet_id":1389583779266588673,"user_username":"tsuperdaddy","text":"US Senators led by Harry REID and others may want to support #pacqyu as their own puppet against Du30 anointed candidate. \n\nTheir group won't support LP but support Pacman who is considered a conservative and pressure pharma to release vaccines as humanitarian move. +pogi pts sya","favorite_count":13,"retweet_count":5,"created_at":1620137564000,"location":"National Capital Region, Repub"}
{"tweet_id":1389578040032718849,"user_username":"sunasarchives","text":"@sansdiya OMG UEUEUE YES MAGALIT KAY DU30 &gt;:(","favorite_count":1,"retweet_count":0,"created_at":1620136196000,"location":"18+|s!her|cw\/\/nsfw sometimes"}
{"tweet_id":1389574977314193418,"user_username":"AJ_Ian_Cones","text":"... underrated politician, ran a very good campaign distinguished herself from Roxas. Marcos was also a good performer, as what I've said drawing support fr. Poe and Du30 supporters.","favorite_count":0,"retweet_count":0,"created_at":1620135466000,"location":"Philippines"}
{"tweet_id":1389574639282659332,"user_username":"AJ_Ian_Cones","text":"... He pulled away votes fr Marcos in Mindanao. A lot of DU30-BBM voters in Mindanao, Poe-BBM in Luzon. Can also make a case for Escudero eating away votes fr Robredo in Bicol. Robredo winning half of Visayas and a third of Mindanao is impossible today and onward. Leni is an....","favorite_count":0,"retweet_count":0,"created_at":1620135385000,"location":"Philippines"}
{"tweet_id":1389570884680122374,"user_username":"surrealkillers","text":"i have seen two (2) homophobic tweets using the photo of du30 and b0ngg0 today time to log out \ud83d\ude05\ud83d\ude05","favorite_count":5,"retweet_count":0,"created_at":1620134490000,"location":""}
{"tweet_id":1389568203865657351,"user_username":"skokiemanila","text":"@teta_limcangco Bloomberg news about DU30 and teddy\u2019s remark. Getting in US news.","favorite_count":0,"retweet_count":0,"created_at":1620133851000,"location":"skokie, il."}
{"tweet_id":1389565734473191431,"user_username":"xetteswinton","text":"On our HCIA training:\n-Presenter discussing ospf\nP: *shows pics of du30 and VP Leni* so what do you see? What do you call them?(Expecting for us to answer Pres and VP) \n\nMe: *on mute(buti na lang)* uhmm VP tsaka tuta? No? VP tsaka butaw? No pa din? VP tsaka tuta na butaw?","favorite_count":5,"retweet_count":0,"created_at":1620133262000,"location":""}
{"tweet_id":1389562585821835267,"user_username":"sansdiya","text":"Reference ko din every time the government (mainly DU30) has done something stupid. Thank you for expressing your rage. :)","favorite_count":0,"retweet_count":0,"created_at":1620132511000,"location":"ENG\/FIL"}
{"tweet_id":1389561829832019975,"user_username":"YOONGISCATMAID","text":"tell me why i thought of pres rodrigo du30 \ud83d\ude2d https:\/\/t.co\/vB0jn0szQi","favorite_count":0,"retweet_count":0,"created_at":1620132331000,"location":" carrd byf + any pronouns "}