{"tweet_id":1390363326303981575,"user_username":"jieeyjieoh","text":"@mikenavallo All words no honor yan si pduts","favorite_count":0,"retweet_count":0,"created_at":1620323423000,"location":"San Mateo, Calabarzon","hashtags":[]}
{"tweet_id":1390357453477269513,"user_username":"__dutS","text":"Yoooooo these and some takis!!!!! https:\/\/t.co\/H6pCa0BaNu","favorite_count":0,"retweet_count":0,"created_at":1620322023000,"location":"","hashtags":[]}
{"tweet_id":1390344113720004617,"user_username":"IainTurner12","text":"@archiesauraus You do realise that your sign, reading \"niffum duts\" from your stall is actually quite rude?.. \u263a","favorite_count":1,"retweet_count":0,"created_at":1620318842000,"location":"Norfolk, UK","hashtags":[]}
{"tweet_id":1390328673400770564,"user_username":"erick_duts","text":"@dezthegreaat She looks like Cardi wtf","favorite_count":0,"retweet_count":0,"created_at":1620315161000,"location":"","hashtags":[]}
{"tweet_id":1390327793276264453,"user_username":"raffcol","text":"@ Duts \ud83d\ude48 https:\/\/t.co\/90mK2cQdfk","favorite_count":22,"retweet_count":1,"created_at":1620314951000,"location":"Manila","hashtags":[]}
{"tweet_id":1390314035460120580,"user_username":"erick_duts","text":"@lsvladygaga1 chromatica remix coming \ud83e\udd73","favorite_count":6,"retweet_count":1,"created_at":1620311671000,"location":"","hashtags":[]}
{"tweet_id":1390309932000444416,"user_username":"wdimarucut","text":"@nenji_gray @dozZ3h_VbriL That ladies and gentlemen is according to PDUTS.","favorite_count":0,"retweet_count":0,"created_at":1620310693000,"location":"Palo Alto, CA","hashtags":[]}
{"tweet_id":1390308805544615938,"user_username":"verhaoism","text":"@featwoozi filo carats keep on comparing duts to the painting vernon posted","favorite_count":0,"retweet_count":0,"created_at":1620310424000,"location":"19 she\/her ","hashtags":[]}
{"tweet_id":1390307445289877511,"user_username":"bigberde","text":"@mgvtrb Not at all. It was nothing serious. Just a soundbite. I\u2019d be really disappointed if pduts will change his character this time around. Maximum, in 2 days, it\u2019s \u201c...naniwala naman ang mga buang...\u201d. Pustahan.","favorite_count":0,"retweet_count":0,"created_at":1620310100000,"location":"","hashtags":[]}
{"tweet_id":1390299024352169986,"user_username":"pattheuplanner","text":"I'd like to think naka facepalm lang si Wataru Kusaka upon knowing that possible debate of Carpio and Pduts","favorite_count":2,"retweet_count":0,"created_at":1620308092000,"location":"","hashtags":[]}
{"tweet_id":1390293073955999746,"user_username":"raphaelrayyy","text":"@leaaabengil sumbong tkang gladys duts","favorite_count":0,"retweet_count":0,"created_at":1620306673000,"location":"","hashtags":[]}
{"tweet_id":1390292974857199626,"user_username":"Aningningning","text":"hoy nag offer na yung Philippine Bar Association to host the debate between PDuts and Justice Carpio hahahaha exciting","favorite_count":1,"retweet_count":1,"created_at":1620306650000,"location":"","hashtags":[]}
{"tweet_id":1390289889044832259,"user_username":"anjpessumal","text":"@dumidyeypee I have a hunch that Carpio knows how to play Duts' game, though. (unlike the 2016 opponents)","favorite_count":0,"retweet_count":0,"created_at":1620305914000,"location":"","hashtags":[]}
{"tweet_id":1390288886224596992,"user_username":"kulasdayaw","text":"@ABSCBNNews @mikenavallo Duts be like: https:\/\/t.co\/03pBMLkkGH","favorite_count":0,"retweet_count":0,"created_at":1620305675000,"location":"","hashtags":[]}
{"tweet_id":1390288004007174156,"user_username":"KapTiago","text":"Duts can hem and haw, or yet again claim jocularity against Carpio but I like that there's just enough insouciance in the latter's reply to indicate that he is not being taken for a ride","favorite_count":0,"retweet_count":0,"created_at":1620305465000,"location":"","hashtags":[]}
{"tweet_id":1390286746097790978,"user_username":"JD_bangtan","text":"@rapplerdotcom @lianbuan Joke joke joke-Pduts","favorite_count":0,"retweet_count":0,"created_at":1620305165000,"location":"Toronto, Ontario","hashtags":[]}
{"tweet_id":1390285779780337664,"user_username":"compelled2speak","text":"@PhilippineStar @Jimparedes @EZMacairan So, Team Carpio will be arguing in favour of the Philippines and Duts will argue in favour of\u2026\u2026..China?\n\nIf it looks like treason, smells like treason, sounds like treason, then it probably is.","favorite_count":2,"retweet_count":1,"created_at":1620304934000,"location":"","hashtags":[]}
{"tweet_id":1390283794645667841,"user_username":"kulasdayaw","text":"@c4lidor3 Ano na duts? Challenge accepted. Duts be like: https:\/\/t.co\/pWHkN2aSYR","favorite_count":2,"retweet_count":0,"created_at":1620304461000,"location":"","hashtags":[]}
{"tweet_id":1390279296405671944,"user_username":"amirmetdesnor","text":"@UwMattie sneeze duts","favorite_count":3,"retweet_count":2,"created_at":1620303389000,"location":"BXL 1030 (they\/he)","hashtags":[]}
{"tweet_id":1390274056079949824,"user_username":"albert_glipo","text":"@gmanews China-possessed Pduts strikes again.","favorite_count":0,"retweet_count":0,"created_at":1620302139000,"location":"Canada","hashtags":[]}
{"tweet_id":1390272597305139201,"user_username":"compelled2speak","text":"@ABSCBNNews So, Team Carpio will be arguing in favour of the Philippines and Duts will argue in favour of\u2026\u2026China? \n\nIf it looks like treason, sounds like treason, then it probably is.","favorite_count":7,"retweet_count":1,"created_at":1620301791000,"location":"","hashtags":[]}
{"tweet_id":1390270447304859653,"user_username":"beninaque","text":"I have to turn the volume off of my TV for a while cuz I refuse to hear pduts talking. I wont tolerate the BS","favorite_count":0,"retweet_count":0,"created_at":1620301279000,"location":"","hashtags":[]}
{"tweet_id":1390269644485718018,"user_username":"godofmyownworld","text":"@phipalmos Adolf Hitler is Taurus \ud83e\udd23\n\nI'm an Aries. And so is duts. \ud83e\udd72","favorite_count":1,"retweet_count":0,"created_at":1620301087000,"location":"","hashtags":[]}
{"tweet_id":1390265362642444294,"user_username":"enzmaka","text":"@jcpunongbayan If this happens. 2 things, 1 Duts will come in very bad faith and will try to bank on his charisma.  2 Carpio has to humiliate him and make him look weak. Like unspinnably weak. It could further erode his following. Otherwise they declare victory.","favorite_count":1,"retweet_count":0,"created_at":1620300066000,"location":"Philippines","hashtags":[]}
{"tweet_id":1390265013928034310,"user_username":"tayrianatwice","text":"duterte vs carpio debate over wps issue??? that's interesting than p6 or chem class lmao. but is duts gonna stick to his words? watch him make alibi just to refrain himself from being roast. he's not a man of his words!","favorite_count":0,"retweet_count":0,"created_at":1620299983000,"location":"un village","hashtags":[]}
{"tweet_id":1390262562449551361,"user_username":"bigberde","text":"@GoyYLarrazabal It\u2019s possible, doable, workable. But pduts will not make it push through. He\u2019s done that many times. And he\u2019s not about to change.","favorite_count":1,"retweet_count":0,"created_at":1620299399000,"location":"","hashtags":[]}
{"tweet_id":1390262109745815553,"user_username":"VinceDy008","text":"@ABSCBNNews @mikenavallo You sicken us duts","favorite_count":0,"retweet_count":0,"created_at":1620299291000,"location":"","hashtags":[]}
{"tweet_id":1390261812633931779,"user_username":"MomOf506131924","text":"@MiaMagdalena Ayan... making it easy for Pduts... panindigan na ang hamon and air it on national tv and live streaming on all media platforms. Dpt may rules... speak clearly... finish your sentences... bawal magmura... goodluck! \ud83e\udd23\ud83e\udd23\ud83e\udd23","favorite_count":6,"retweet_count":2,"created_at":1620299220000,"location":"","hashtags":[]}
{"tweet_id":1390258688812720130,"user_username":"roberto11128153","text":"@jobdln Duts will not accept. Its a figure of speech or a hyperbole.","favorite_count":0,"retweet_count":0,"created_at":1620298475000,"location":"","hashtags":[]}
{"tweet_id":1390256201389142016,"user_username":"micagandahan","text":"Pero si Carpio lang yung boss. Si Duts, uhm...... let's just call him a challenger","favorite_count":5,"retweet_count":0,"created_at":1620297882000,"location":"Mt. Tibidabo","hashtags":[]}
{"tweet_id":1390255432011161603,"user_username":"UUJFKo","text":"@iamchrislao When the mouth runs faster than the mind.  Good luck pduts!  you are going to need it.","favorite_count":1,"retweet_count":0,"created_at":1620297699000,"location":"Brisbane, Queensland","hashtags":[]}
{"tweet_id":1390255105534959619,"user_username":"sweMLNY","text":"The 2016 Hague Ruling may not direct China to leave West Philippine Sea but it rules that the disputed sea is ours. If PDuts is brave enough, he will call out China and respect international ruling. Saying the ruling is just a piece of paper,","favorite_count":0,"retweet_count":0,"created_at":1620297621000,"location":"","hashtags":[]}
{"tweet_id":1390254622636273667,"user_username":"BrownieBoy0915","text":"mnet and duts are the same as trash and garbage...","favorite_count":0,"retweet_count":0,"created_at":1620297506000,"location":"#f5c94768","hashtags":[]}
{"tweet_id":1390253662270676993,"user_username":"yoursilentcynic","text":"Idk man.\nThis will just give Duts the platform to spew his ignorance. On broadcast media where he can grow more of his lackeys? https:\/\/t.co\/opfhdZu7iY","favorite_count":0,"retweet_count":0,"created_at":1620297277000,"location":"Dumaguete City","hashtags":[]}
{"tweet_id":1390252468638912512,"user_username":"bigberde","text":"@PhilippineStar @EZMacairan Pduts will not push through. It was just a taunt. A soundbite. Empty. He\u2019s done it a number of times. \u201cNaniwala naman ang mga buang....\u201d he\u2019d say.","favorite_count":3,"retweet_count":0,"created_at":1620296992000,"location":"","hashtags":[]}
{"tweet_id":1390248495039217670,"user_username":"janeDara_","text":"watch duts say it's just a joke\ud83d\ude02 https:\/\/t.co\/cly713jZKk","favorite_count":2,"retweet_count":0,"created_at":1620296045000,"location":"Philippines","hashtags":[]}
{"tweet_id":1390246300273188873,"user_username":"kelly_mensi","text":"@inquirerdotnet @T2TupasINQ Duts can't even string 1 coherent sentence without any swear words and lies.","favorite_count":1,"retweet_count":0,"created_at":1620295522000,"location":"","hashtags":[]}
{"tweet_id":1390239049890222082,"user_username":"EggTarTisYummy","text":"C'mon Duts show them what you've got \ud83e\udd23\ud83e\udd23\ud83e\udd23\ud83e\udd23 https:\/\/t.co\/Q9EVq5Nmv2","favorite_count":13,"retweet_count":3,"created_at":1620293793000,"location":"","hashtags":[]}
{"tweet_id":1390236236330250240,"user_username":"bethangsioco","text":"@pcspaule Well, he already said that debate has been ongoing but added that Duts is ready.","favorite_count":0,"retweet_count":0,"created_at":1620293122000,"location":"","hashtags":[]}
{"tweet_id":1390228881488027651,"user_username":"IANCUOfficial1","text":"\"US\" meaning kaming mga loyal supporter at voter nya :D we are happy with PDUTS and no wokes or dilawan can change our mindset :D 2022 and beyond, is still OURS, Duterte will still lead us :D","favorite_count":2,"retweet_count":0,"created_at":1620291369000,"location":"","hashtags":[]}
{"tweet_id":1390219609400168448,"user_username":"milkvinyl_","text":"Justice Carpio vs Pduts when \ud83d\udc40\ud83c\udf7f https:\/\/t.co\/4RFdHlKvjQ","favorite_count":0,"retweet_count":0,"created_at":1620289158000,"location":"","hashtags":[]}
{"tweet_id":1390214884952920066,"user_username":"SPAtrickDempsey","text":"This captures perfectly well what \u2018aid\u2019 the Philippine government under Duts has given... https:\/\/t.co\/phpCVv1iPp","favorite_count":0,"retweet_count":0,"created_at":1620288032000,"location":"","hashtags":[]}
{"tweet_id":1390207848647335939,"user_username":"juan_silup","text":"@inquirerdotnet @chonayu1 duts has been all talk and no walk #DuterteTraydor","favorite_count":0,"retweet_count":0,"created_at":1620286354000,"location":"here, there, & everywhere...","hashtags":[{"text":"DuterteTraydor","indices":[61,76]}]}
{"tweet_id":1390206508881694722,"user_username":"SirJhe2911","text":"If Sara Duts is Thanos, everybody should know that Thanos basically murdered half the Universe. https:\/\/t.co\/XYUpGsjoVO","favorite_count":0,"retweet_count":0,"created_at":1620286035000,"location":"National Capital Region, Repub","hashtags":[]}
{"tweet_id":1390205789579583492,"user_username":"imthegreench","text":"i don't think duts will debate carpio but when he does, tangina set kayo watch party drinks on me","favorite_count":2,"retweet_count":0,"created_at":1620285863000,"location":"","hashtags":[]}
{"tweet_id":1390204406042304512,"user_username":"xwangbu","text":"@Doc4Dead extreme: utusan nya abu sayyaf to occupy a town. then duts will initiate a siege.\ninstant papogi.\niwas debate.","favorite_count":5,"retweet_count":0,"created_at":1620285533000,"location":"Philippines","hashtags":[]}
{"tweet_id":1390204348760674306,"user_username":"itrytobesubtle","text":"Unfortunately, PDuts has never been a man of his words. \ud83d\ude44 https:\/\/t.co\/Chr90dXTm0","favorite_count":0,"retweet_count":0,"created_at":1620285520000,"location":"Manila, Philippines","hashtags":[]}
{"tweet_id":1390202422627233793,"user_username":"eccentricity07","text":"Pduts vs Cj Carpio debate!\nMake it happen please!!","favorite_count":2,"retweet_count":1,"created_at":1620285060000,"location":"Moon","hashtags":[]}
{"tweet_id":1390191643005898752,"user_username":"beatmann24","text":"Anoneeeeyy Duts? #DuterteTraydor https:\/\/t.co\/uzsSYMDQBS","favorite_count":1,"retweet_count":1,"created_at":1620282490000,"location":"","hashtags":[{"text":"DuterteTraydor","indices":[17,32]}]}
{"tweet_id":1390190117575221248,"user_username":"kangkungkernetz","text":"come on duts. your turn. make this happen. matapang ka naman diba?","favorite_count":1,"retweet_count":0,"created_at":1620282127000,"location":"Bunker 110601","hashtags":[]}
{"tweet_id":1390189414370840579,"user_username":"jessy_1204","text":"@inquirerdotnet @T2TupasINQ Good. I hope duts will, this time, be man enough to show up and walk his rubbish talks. \ud83c\uddf5\ud83c\udded\ud83d\ude37","favorite_count":1,"retweet_count":0,"created_at":1620281959000,"location":"manila, philippines","hashtags":[]}
{"tweet_id":1390184438194065414,"user_username":"juan_silup","text":"@PhilippineStar SJ Carpio accepted! run duts run","favorite_count":0,"retweet_count":0,"created_at":1620280773000,"location":"here, there, & everywhere...","hashtags":[]}
{"tweet_id":1390182553395490820,"user_username":"piecesofchi","text":"There is a flaw in this plan... the Duts has no word of honor. None. Nada. Zero. Zilch. \n\nHe has however, an abundance of crude profanities, empty promises and bald-faced lies. \n\nOh and tasteless rape jokes. \n\nWord of honor? Less than zero. https:\/\/t.co\/W6XH8jjCv0","favorite_count":2,"retweet_count":1,"created_at":1620280323000,"location":"MNL","hashtags":[]}
{"tweet_id":1390181952720830465,"user_username":"CrushMajor","text":"@itseastofeden @cnnphilippines @TristanNodalo @noynoyaquino Read the entire thing. There are 2 issues:\n\n1. That Duts will resign if it will be proven that Carpio was not involved in the withdrawal of ships in 2012. This is where he mentioned his witnesses.\n\n2. The challenge by Duts to Carpio for a debate. \n\nDo you get it now? \ud83e\udd21","favorite_count":0,"retweet_count":0,"created_at":1620280180000,"location":"","hashtags":[]}
{"tweet_id":1390180149237149701,"user_username":"juan_silup","text":"@inquirerdotnet @T2TupasINQ run duts run!!! #DuterteTraydor","favorite_count":5,"retweet_count":3,"created_at":1620279750000,"location":"here, there, & everywhere...","hashtags":[{"text":"DuterteTraydor","indices":[44,59]}]}
{"tweet_id":1390179527200968707,"user_username":"jonskias","text":"@Doc4Dead Duts after reading Carpio's Reply... https:\/\/t.co\/4iYmJIDbrc","favorite_count":4,"retweet_count":0,"created_at":1620279602000,"location":"Fundacan, Manila","hashtags":[]}
{"tweet_id":1390179344920633348,"user_username":"Jaysonthegreatz","text":"Triggered si Duterte kay Justice Carpio. That madman will whine again and throw tantrums. Of course, Harry Roque, will tell the public that Duts won't be able attend the debate coz he'll just be humiliated. Sumipot ka please, we want to see you melt.","favorite_count":1,"retweet_count":0,"created_at":1620279558000,"location":"Nowheresville","hashtags":[]}
{"tweet_id":1390178990560735232,"user_username":"Baroni2019","text":"@thursdaynine @Puppyjolo I don't want to be too idealist but I would have to agree with you. So far PDuts is better than what we had. Someone more than him should be the goal. Patriotism, political will... blah blah blah. I want someone who is realist. Idealist vs realist!","favorite_count":2,"retweet_count":0,"created_at":1620279474000,"location":"","hashtags":[]}
{"tweet_id":1390178953395019778,"user_username":"an_breathe1011","text":"@inquirerdotnet @T2TupasINQ Carpio would annihilate Duts hahahah","favorite_count":0,"retweet_count":0,"created_at":1620279465000,"location":"Republic of the Philippines","hashtags":[]}
{"tweet_id":1390178723949780992,"user_username":"katrinapallon","text":"@siopaubolabola As much as masarap sana panooring ilampaso ni Justice Carpio si Duts, it\u2019s not going to happen. First of all, this means they will have to shoot the debate live. Paano na lang ang edits (deepfake etc.) HAHAHAHA!","favorite_count":3,"retweet_count":0,"created_at":1620279410000,"location":"Manila, Philippines","hashtags":[]}
{"tweet_id":1390178584094863360,"user_username":"TrancetheRapper","text":"@bebemomoy Duts has the backing of State Media and friendly corporate media. \n\nOpposition needs to fight fire with fire","favorite_count":1,"retweet_count":1,"created_at":1620279377000,"location":"","hashtags":[]}
{"tweet_id":1390178471469477892,"user_username":"CrushMajor","text":"@itseastofeden @cnnphilippines @TristanNodalo @noynoyaquino It's so amusing that you keep the changing the topic. Why don't you just say that you're sure Duts will not back out of his own challenge because he knows what he's talking about and he likes fights? Cmon.","favorite_count":0,"retweet_count":0,"created_at":1620279350000,"location":"","hashtags":[]}
{"tweet_id":1390177371873976320,"user_username":"wayfarer818","text":"@papsferdie @inquirerdotnet @T2TupasINQ What I think:\n\n1.If Duts wins debate, let him carry on. Fair deal\n2.If he loses he must resign along with CabSecs Duque, Dar, SolGen Calida, https:\/\/t.co\/ehDXxQOjhb\nLocsin, Lorenzana, Esperon stay\n3.For WPS, let CG\/Navy do their job. Lorenzana\/Esperon work closer with US &amp; allies","favorite_count":7,"retweet_count":0,"created_at":1620279088000,"location":"Metro Manila, Philippines","hashtags":[]}
{"tweet_id":1390177247642882049,"user_username":"JimboJuice_","text":"@Yokogo_ my bet is duts getting covid positive hahaha","favorite_count":1,"retweet_count":0,"created_at":1620279058000,"location":"Manila","hashtags":[]}
{"tweet_id":1390174345952055296,"user_username":"piamagalona","text":"The time has come!! JC vs Duts 2021. https:\/\/t.co\/MPELjNmQHm","favorite_count":10,"retweet_count":0,"created_at":1620278366000,"location":"facebook.com\/pmagalona","hashtags":[]}
{"tweet_id":1390173744673480705,"user_username":"eyh_1103","text":"Maybe we can rejoice a little. \n\nBy November, PNP chief post might be back to another Duts lapdog. \ud83e\udd2f https:\/\/t.co\/FYFRrPdv2K","favorite_count":1,"retweet_count":0,"created_at":1620278223000,"location":"Philippines","hashtags":[]}
{"tweet_id":1390172816083865600,"user_username":"wayfarer818","text":"@inquirerdotnet @T2TupasINQ Duts' possible panel of \"the best and the brightest\" lawyers to prep and coach him:\n\n- Quo Warranto Calida\n- Mga Bobo! Gadon\n- Boy Commute Panelusot\n- Queen of Dolphins Roque","favorite_count":7,"retweet_count":2,"created_at":1620278002000,"location":"Metro Manila, Philippines","hashtags":[]}
{"tweet_id":1390172190201442306,"user_username":"renandesu","text":"Make this happen!!! Accept this Duts! Now we will see who really have balls \ud83d\ude01 https:\/\/t.co\/2gT8sNNTjT","favorite_count":1,"retweet_count":1,"created_at":1620277852000,"location":"Ilog o lawa","hashtags":[]}
{"tweet_id":1390171958659088388,"user_username":"CrushMajor","text":"@itseastofeden @cnnphilippines @TristanNodalo @noynoyaquino You didn't answer my question. Since you claim that Duts has relevant information that he has not shared yet, he has no reason or excuse to suddenly back out of his own challenge right?","favorite_count":0,"retweet_count":0,"created_at":1620277797000,"location":"","hashtags":[]}
{"tweet_id":1390170173609369601,"user_username":"KDerogongan","text":"ooooh i know pduts vs carps debate is never going to happen. pero i just cant help but imagine how pduts is gon take that L bro. HAHAHA","favorite_count":1,"retweet_count":0,"created_at":1620277372000,"location":"","hashtags":[]}
{"tweet_id":1390168481396510723,"user_username":"KDerogongan","text":"srsly, Carpio v Duterte debate? LOOOOOOL. if that happens, pduts bout to take the biggest L of his life HAHAHHAA","favorite_count":3,"retweet_count":0,"created_at":1620276968000,"location":"","hashtags":[]}
{"tweet_id":1390167031484354560,"user_username":"noelvpascual","text":"(Actually it's not happening happening but the more it gets built up like a big event the more pressure it puts on the duts to either say \"I was just joking putangina naniwala pala kayo\" or to go through with it. Either way, at least there's some stress for him involved)","favorite_count":2,"retweet_count":0,"created_at":1620276623000,"location":"Marikina City","hashtags":[]}
{"tweet_id":1390165767182708737,"user_username":"LytJos","text":"@inquirerdotnet C'mon Guys whenever PDuts promise something nor explain about things...just dont take those seriously for 5 years we learned that this President, denies, retracts and make jokes of serious issues","favorite_count":0,"retweet_count":0,"created_at":1620276321000,"location":"Asia","hashtags":[]}
{"tweet_id":1390165488462753806,"user_username":"AlEspaldon","text":"Justice Carpio accepted PDuts' dare for a debate. Carpio will be arguing for the Philippines. While PDuts' will be arguing for China.\ud83e\udd23 https:\/\/t.co\/fZh0ewRSFd","favorite_count":51,"retweet_count":14,"created_at":1620276255000,"location":"Quezon City, NCR","hashtags":[]}
{"tweet_id":1390160531059707905,"user_username":"ynexdrgn","text":"pduts, major in manipulative sadboi and bachelor in squammy behaviour lol","favorite_count":0,"retweet_count":0,"created_at":1620275073000,"location":"route 313","hashtags":[]}
{"tweet_id":1390155573220364289,"user_username":"AlEspaldon","text":"They will debating on who has better right over the WPS. Justice Carpio will be arguing for the Philippines. PDuts will be arguing for China. #DuterteTraydor\n\nhttps:\/\/t.co\/l3vSZJf2ap","favorite_count":5,"retweet_count":0,"created_at":1620273891000,"location":"Quezon City, NCR","hashtags":[{"text":"DuterteTraydor","indices":[142,157]}]}
{"tweet_id":1390154475994681350,"user_username":"Catalysmic","text":"@gmanews Philippines \ud83c\uddf5\ud83c\udded means Nothing to Pduts. He sits as President of the Republic.  And there he is.  He Just Sits \ud83e\udd2c #changefortheworst","favorite_count":0,"retweet_count":0,"created_at":1620273629000,"location":"","hashtags":[{"text":"changefortheworst","indices":[120,138]}]}
{"tweet_id":1390152416612343808,"user_username":"gwycutiebb","text":"@shawiexnicole Im not dds ok?? but I can see that dutirty is really tired, and please president duts mag retire kana \n\ncorrect me if im wrong (2) \ud83d\ude14\ud83d\ude14\ud83d\ude14","favorite_count":0,"retweet_count":0,"created_at":1620273138000,"location":"amora elyse: \"I love him more than anyone in this world because he makes me a better person.\"","hashtags":[]}
{"tweet_id":1390152198688964612,"user_username":"saskiaaastryd","text":"@shawiexnicole Im not dds ok?? but I can see that dutirty is really tired, and please president duts mag retire kana \n\ncorrect me if im wrong(1)","favorite_count":1,"retweet_count":0,"created_at":1620273086000,"location":"amsterdam ","hashtags":[]}
{"tweet_id":1390151960213409793,"user_username":"shawiexnicole","text":"Im not dds ok?? but I can see that dutirty is really tired, and please president duts mag retire kana \n\ncorrect me if im wrong","favorite_count":9,"retweet_count":0,"created_at":1620273029000,"location":"multi\u2661she\/her","hashtags":[]}
{"tweet_id":1390145409322913794,"user_username":"vhlain","text":"Bawal ad hominem at name-calling anong laban ni PDuts kay Justice Carpio sa standard debate?\n\nNever seen PDuts not using name-calling and ad hominem even in his speech https:\/\/t.co\/sUvLjv3Jil","favorite_count":1,"retweet_count":0,"created_at":1620271467000,"location":"","hashtags":[]}
{"tweet_id":1390138865717944321,"user_username":"juan_silup","text":"@PhilippineStar @onenewsph run duts run SJ Carpio is way out of your league","favorite_count":0,"retweet_count":0,"created_at":1620269907000,"location":"here, there, & everywhere...","hashtags":[]}
{"tweet_id":1390130186360737792,"user_username":"nanlacanilao","text":"@Doc4Dead Just announcing to PDuts the willingness to be a nuisance candidate to split opposition votes (for a fee of course)","favorite_count":4,"retweet_count":0,"created_at":1620267838000,"location":"Republic of the Philippines","hashtags":[]}
{"tweet_id":1390129992831406084,"user_username":"v0uzmevoyez","text":"@kiyowoshi duts:')","favorite_count":0,"retweet_count":0,"created_at":1620267792000,"location":"; \u2086\u2081\u2084 ","hashtags":[]}
{"tweet_id":1390126947477254148,"user_username":"bethangsioco","text":"Friends, deleted my tweet of Duts allegedly saying he\u2019d punch pacman. I was told it\u2019s fake. Sorry.","favorite_count":5,"retweet_count":0,"created_at":1620267066000,"location":"","hashtags":[]}
{"tweet_id":1390126043474714625,"user_username":"3samuels","text":"@pnagovph Let\u2019s probe why PDuts did not assert the UN arbitral ruling favoring us, upon his assumption from office. Yun lang ang dapat sagutin \ud83d\udc4a\u270c\ufe0f","favorite_count":0,"retweet_count":0,"created_at":1620266850000,"location":"","hashtags":[]}
{"tweet_id":1390124275785289728,"user_username":"yolyong","text":"Duts is challenging Justice Antonio Carpio to a debate on WPS.  \ud83d\ude02This is as good as a boxing match between him and Paq. Wanna watch ? Baka dumugo ang ilong ng buang. \ud83e\udd23\nhttps:\/\/t.co\/Ot3rbzdi5j","favorite_count":99,"retweet_count":15,"created_at":1620266429000,"location":"","hashtags":[]}
{"tweet_id":1390120449896452097,"user_username":"echotango__774","text":"@inquirerdotnet The biggest challenge of today is not the pandemic. It's duts. No wonder, despite being a lawyer this old dude doesn't know the law.","favorite_count":3,"retweet_count":0,"created_at":1620265517000,"location":"Location ____ Classified","hashtags":[]}
{"tweet_id":1390114190631731200,"user_username":"echotango__774","text":"@rapplerdotcom Duts needs to wear a mask on his butt hole since that's were the nose is at.  \ud83d\ude06","favorite_count":0,"retweet_count":0,"created_at":1620264024000,"location":"Location ____ Classified","hashtags":[]}
{"tweet_id":1390104177444069380,"user_username":"passint0thelris","text":"@cherubbix Nees duts","favorite_count":0,"retweet_count":0,"created_at":1620261637000,"location":"hope peak high school :3","hashtags":[]}
{"tweet_id":1390095876136202242,"user_username":"jayjayferro","text":"He can't even handle questions from the press, debate pa kaya? As if Duts handlers will let him do this. \nhttps:\/\/t.co\/LP1qUNlnQ3","favorite_count":0,"retweet_count":0,"created_at":1620259658000,"location":"Philippines","hashtags":[]}
{"tweet_id":1390090223707582464,"user_username":"VinceDy008","text":"@ABSCBNNews ... were you bribed by china duts? Blackmailing, threatened, held your fam hostage???","favorite_count":7,"retweet_count":2,"created_at":1620258310000,"location":"","hashtags":[]}
{"tweet_id":1390080217692131330,"user_username":"MontoGawe","text":"@inquirerdotnet @GabrielLaluINQ Just like Robin Padilla, when PDuts' gambit is called, uurong ang dila at bayag papuntang Tsina.\n\nCertainly, San Beda, what were you thinking? \n\nOr for that matter, Supreme Court, how did the likes of him even pass Law School then THE Bar?","favorite_count":0,"retweet_count":0,"created_at":1620255924000,"location":"","hashtags":[]}
{"tweet_id":1390073339360600064,"user_username":"speaksnow8","text":"@RyuumiGaroukuni @PinoyAkoBlog @SSAquino1 More like\nPDuts Magtoning Tayo Live.","favorite_count":3,"retweet_count":0,"created_at":1620254285000,"location":"","hashtags":[]}
{"tweet_id":1390072859603595267,"user_username":"ingasu_jetlife","text":"@__dutS I have the 11 and my girl has the 12 and honestly its the same shit besides the camera slight upgrade","favorite_count":1,"retweet_count":0,"created_at":1620254170000,"location":"Los Angeles, CA","hashtags":[]}
{"tweet_id":1390051127102742529,"user_username":"erick_duts","text":"@sexygadji Sur Facebook","favorite_count":1,"retweet_count":0,"created_at":1620248989000,"location":"","hashtags":[]}
{"tweet_id":1390048958488006657,"user_username":"McSalben","text":"@FactUpo We need proof of duts' claim. Demonyo talaga \ud83d\ude08","favorite_count":1,"retweet_count":0,"created_at":1620248472000,"location":"","hashtags":[]}
{"tweet_id":1390045508438171650,"user_username":"__dutS","text":"@MVFrankieP Aguero scoring a hate tricks in extra time fulfilling his promise to not leave man city without a champions &gt;&gt;&gt;&gt;&gt;","favorite_count":0,"retweet_count":0,"created_at":1620247649000,"location":"","hashtags":[]}
{"tweet_id":1390045057567232000,"user_username":"MVFrankieP","text":"@__dutS Pulisic scoring a screamer in the 85th to pull Chelsea in within 4&gt;&gt;&gt;&gt;&gt;&gt;","favorite_count":0,"retweet_count":0,"created_at":1620247542000,"location":"Dreamville","hashtags":[]}
{"tweet_id":1390044927413743616,"user_username":"__dutS","text":"@MVFrankieP At least this time it won\u2019t be as boring as last time \ud83e\udd0c\ud83c\udffc","favorite_count":0,"retweet_count":0,"created_at":1620247511000,"location":"","hashtags":[]}
{"tweet_id":1390034445168693251,"user_username":"notkoshi","text":"neez duts","favorite_count":1,"retweet_count":0,"created_at":1620245011000,"location":"carrd byf","hashtags":[]}
{"tweet_id":1390032692650123274,"user_username":"glramnd","text":"@erick_duts big bro","favorite_count":1,"retweet_count":0,"created_at":1620244594000,"location":"134340","hashtags":[]}
{"tweet_id":1390015531973963777,"user_username":"__dutS","text":"Is the iPhone 12 worth the upgrade?","favorite_count":0,"retweet_count":0,"created_at":1620240502000,"location":"","hashtags":[]}
{"tweet_id":1390015325014421507,"user_username":"supremdotxSMP","text":"Tanong ko lang. What are your thoughts on the vaccination of President Duts with Sinopharm, despite its lack of authorization by the FDA? \n@CosmicSkepticF  \n@KoigoesB \n@USDImplosion \n@n4qpu","favorite_count":3,"retweet_count":0,"created_at":1620240453000,"location":"+63","hashtags":[]}
{"tweet_id":1390014184650276868,"user_username":"supahotburner","text":"@bitchuknowalex duts neez \ud83d\ude02\ud83e\udd23\ud83e\udd23\ud83d\ude2d\ud83d\ude2d\ud83d\ude2d","favorite_count":1,"retweet_count":0,"created_at":1620240181000,"location":"he\/any","hashtags":[]}
{"tweet_id":1389995460253814784,"user_username":"jan2awesome","text":"Wise men impart wise words... and then there\u2019s Duts. \ud83e\udd21 https:\/\/t.co\/f5GE7ViE5m","favorite_count":1,"retweet_count":0,"created_at":1620235717000,"location":"Republika ng Pilipinas","hashtags":[]}
{"tweet_id":1389988621151842311,"user_username":"CORPSEQUACK","text":"@starsmeIody NEEZ DUTS","favorite_count":1,"retweet_count":0,"created_at":1620234086000,"location":"\u00a1read carrd byf!\u2800 \u2800\u2800 \u2800\u2800 \u2800\u2800   \u2800  \u2800 \u2800\u2800   \u2800  \u2800 \u2800\u2800 \u2800\u2800  \u2800 \u2800\u2800 \u2800 #\u20ddquacktwt #\u20ddcorpsetwt \u2800 \u2800\u2800 \u2800 \u2800\u2800 \u2800 \u2800\u2800 \u2800 \u2800\u2800\u2800\u2800","hashtags":[]}
{"tweet_id":1389979322367291400,"user_username":"erick_duts","text":"@glramnd juste Lady Gaga reste","favorite_count":0,"retweet_count":0,"created_at":1620231869000,"location":"","hashtags":[]}
{"tweet_id":1389972434011320322,"user_username":"koooboi","text":"@alvytkoo @Gloomyday09 @duts_tk @zachdanuar @aanaktaekook @VKOOKLATE @sindiiyp @spqcebuntae @electtraec @syugarminnie @kthjjkya @onigurru @tehagukkie @taegwrr @perslopekth @Bobaauwuw @jjeonggvkjeon @kookievwithluv_ @srndptygurl @euphoriajunggo @alwayskorsell thankie!!\u2764\ufe0f","favorite_count":0,"retweet_count":0,"created_at":1620230227000,"location":"\ud835\udc61\ud835\udc4e\ud835\udc52\ud835\udc58\ud835\udc5c\ud835\udc5c\ud835\udc58","hashtags":[]}
{"tweet_id":1389970357088444416,"user_username":"enricmlnz","text":"Mo PDUTS? Lol https:\/\/t.co\/GgYRpkQU3o","favorite_count":1,"retweet_count":0,"created_at":1620229732000,"location":"","hashtags":[]}
{"tweet_id":1389966215905382401,"user_username":"tracyrhymes","text":"Just saw PDuts posts about addressing the nation and went, bleh, and closed my app. No time for negativity.","favorite_count":1,"retweet_count":0,"created_at":1620228744000,"location":"Manila, Philippines","hashtags":[]}
{"tweet_id":1389964596635574276,"user_username":"alvytkoo","text":"@spqcebuntae @Gloomyday09 @duts_tk @zachdanuar @aanaktaekook @VKOOKLATE @sindiiyp @electtraec @syugarminnie @kthjjkya @koooboi @onigurru @tehagukkie @taegwrr @perslopekth @Bobaauwuw @jjeonggvkjeon @kookievwithluv_ @srndptygurl @euphoriajunggo @alwayskorsell Thank you Viraa\ud83d\ude00\ud83d\ude1a","favorite_count":1,"retweet_count":0,"created_at":1620228358000,"location":"tk - ym","hashtags":[]}
{"tweet_id":1389963162246516736,"user_username":"onigurru","text":"@alvytkoo @Gloomyday09 @duts_tk @zachdanuar @aanaktaekook @VKOOKLATE @sindiiyp @spqcebuntae @electtraec @syugarminnie @kthjjkya @koooboi @tehagukkie @taegwrr @perslopekth @Bobaauwuw @jjeonggvkjeon @kookievwithluv_ @srndptygurl @euphoriajunggo @alwayskorsell thank you kak","favorite_count":0,"retweet_count":0,"created_at":1620228016000,"location":"she\/her","hashtags":[]}
{"tweet_id":1389960131849310214,"user_username":"tishywishy","text":"Long day made even longer by PDuts. T_T","favorite_count":0,"retweet_count":0,"created_at":1620227294000,"location":"Makati City","hashtags":[]}
{"tweet_id":1389957406067548161,"user_username":"jmssuello","text":"im back on track na oke natong mga sad days enough nato focus natas acads and criticizing pduts hehe","favorite_count":0,"retweet_count":0,"created_at":1620226644000,"location":"MSU IIT\/ Malaybalay City","hashtags":[]}
{"tweet_id":1389932587871731721,"user_username":"kumoricheese","text":"@f0rced_withc4re truuuu then duts stickers all over his windshield","favorite_count":0,"retweet_count":0,"created_at":1620220727000,"location":" \u83f2\u6587\u4e2d | he\/they","hashtags":[]}
{"tweet_id":1389929898534477828,"user_username":"LabrynthBull","text":"@ProtectiveRxbot to ash and duts","favorite_count":0,"retweet_count":0,"created_at":1620220086000,"location":"","hashtags":[]}
{"tweet_id":1389929835355463684,"user_username":"roberto11128153","text":"@societyofhonor @teddyboylocsin The message is right.  The messenger is, well, suspect. Serving and enabling duterte for 5 years may not sit well with a lot of people. How can u be a trusted man of duts and be trusted as muh by the antis?","favorite_count":1,"retweet_count":0,"created_at":1620220071000,"location":"","hashtags":[]}
