{"tweet_id":1397118613002145792,"user_username":"lexabonschu","text":"one of these days the US empire and the authoritarian DU30 regime will fall. for the rest of the year i have the chance to grow in radical education and strengthen organizing with all of my kasamas in the PH ND movement and in international solidarity","favorite_count":0,"retweet_count":0,"created_at":1621934009000,"location":"Yokut Territory"}
{"tweet_id":1397116509139333120,"user_username":"JavyBirthday","text":"Regarding some LRT stations reopening people deadass saying shit like buti pa ang du30 administration may natapos ngayong pandemic as if that shit hasn't been broken and closed for nearly two fucking years already","favorite_count":0,"retweet_count":0,"created_at":1621933507000,"location":""}
{"tweet_id":1397114932055969793,"user_username":"WinterHene","text":"@News5PH Time to open the borders again now,Du30!","favorite_count":0,"retweet_count":0,"created_at":1621933131000,"location":""}
{"tweet_id":1397113647957114880,"user_username":"_QuePasaChica_","text":"\"...bilateral talks with China have been working for years.\"\n\nIt was never bilateral. It was always UNILATERAL ever since this BuangNaKurap sold his pitiful soul to the communists in China. Why would China agree to multilateral talks when they have Du30 by his small balls? https:\/\/t.co\/x0Q69fj3jL","favorite_count":2,"retweet_count":0,"created_at":1621932825000,"location":"Hong Kong"}
{"tweet_id":1397109713662214148,"user_username":"JuanDiEpal","text":"@mariaressa \u2026and a dozen pro-DU30 candidates! Lets not make the same mistake when 2 candidates (Roxas and Poe) ran for office when clearly not one of them can win by themselves. We must also be wary of candidates who are playing both fields now to get the most votes. #UnitedWeStand","favorite_count":0,"retweet_count":0,"created_at":1621931887000,"location":"Republic of the Philippines"}
{"tweet_id":1397107613985386505,"user_username":"InfluencerBotPH","text":"Top 42 experiences to eat out California while Du30 annihilates everyone!","favorite_count":0,"retweet_count":0,"created_at":1621931386000,"location":"Far from reality"}
{"tweet_id":1397106215834906636,"user_username":"jaypeereyes2","text":"Didn\u2019t Du30 try to extort from the US when he said NO VACCINE NO VFA? Now that vaccine has come (some even expiring and they have distribution problem), still he hasn\u2019t made up his mind? A real scammer to the bone. https:\/\/t.co\/KNYpNCRAec","favorite_count":0,"retweet_count":0,"created_at":1621931053000,"location":"San Juan City"}
{"tweet_id":1397094858863439876,"user_username":"Geronim89168481","text":"@jmschumey That is why DU30 called them STUPID wala talagan mga Alam. Sorry 16M.","favorite_count":1,"retweet_count":0,"created_at":1621928345000,"location":""}
{"tweet_id":1397081543168774145,"user_username":"gyeopsamm","text":"DU30 KEEP UP https:\/\/t.co\/9L7G6UCkly","favorite_count":2,"retweet_count":0,"created_at":1621925171000,"location":"multi"}
{"tweet_id":1397080527190978563,"user_username":"franceniszm","text":"@scy_moon du30 deactivation \ud83d\ude0d","favorite_count":0,"retweet_count":0,"created_at":1621924928000,"location":""}
{"tweet_id":1397075597734600705,"user_username":"dReyDreymz0810","text":"This is the perfect illustration of how WOKES and DILAWANS think. \n\nThey really want to destroy the nation.\n\n#DU30\n#DutertePaRin https:\/\/t.co\/tNVfKNmrfE","favorite_count":12,"retweet_count":3,"created_at":1621923753000,"location":"Psalms 37:4 "}
{"tweet_id":1397063734141411328,"user_username":"johnmarshawav","text":"rejected names for a du30 admins' vaccination program:\n\nbakuna now, brrrt brrrt later","favorite_count":1,"retweet_count":0,"created_at":1621920925000,"location":""}
{"tweet_id":1397062490316365827,"user_username":"ReyDeVera16","text":"@RolandR19327469 We negatively talk too much against DU30, but for me DU30 is the best among Presidents I have observed in the Philippines since 1955. Aside from Ferdinand Marcos. If we could elect better than DU30 and Fmarcos, why not. Why don't you try to run for election!!!!","favorite_count":0,"retweet_count":0,"created_at":1621920628000,"location":""}
{"tweet_id":1397057024559484932,"user_username":"DarwinAwardsPH","text":"Meet the Du30 leeches who're living off your taxes.  https:\/\/t.co\/ErvrsdnswY","favorite_count":0,"retweet_count":0,"created_at":1621919325000,"location":""}
{"tweet_id":1397055501230243840,"user_username":"M19Manny","text":"@DrTonyLeachon Correct po. Manipulation of du30. Less than 2 percent of ph population has completed their vaccination. Still, very far from the the targeted 70 percent herd immunity. And sinovac is NOT acceptable Worldwide. Problema ng bayaning OFW ito, dahil sa aso ng china c inutil du30.","favorite_count":8,"retweet_count":0,"created_at":1621918962000,"location":""}
{"tweet_id":1397046322650251274,"user_username":"M19Manny","text":"@kalakumag Oligarch of Chinese lap dog du30","favorite_count":1,"retweet_count":0,"created_at":1621916773000,"location":""}
{"tweet_id":1397022595975770116,"user_username":"retiredrebel1","text":"Abolish the useless, rubber stamp of panggulong DU30! ABOLISH @HouseofRepsPH!!! Kick out the ass-licker @CongLordVelasco!!! https:\/\/t.co\/Lx8hkgXiOa","favorite_count":15,"retweet_count":2,"created_at":1621911116000,"location":"Cordilleras"}
{"tweet_id":1397021882319130625,"user_username":"jirouwife","text":"what is this \ud83d\ude2d\ud83d\ude2d\ud83d\ude2d so embarrassing \ud83d\ude2c imagine glorifying zionists so you can justify the fascist du30 regime's desperate urge to militarize our schools and universities, their ploy to finally monitor and gain control over (especially) institutions known to be militant \ud83d\ude10\ud83d\ude10\ud83d\ude10\ud83d\ude10 https:\/\/t.co\/baYDfYqq6T","favorite_count":1,"retweet_count":0,"created_at":1621910946000,"location":"21 | any pronouns | mara imy"}
{"tweet_id":1397020326266028035,"user_username":"Akis2x","text":"@spempemm @lenirobredo Indeed! \n\nIt'll be backbreaking work tho to undo every kapalpakan this admin has done and even if this country manages to purge everything connected du30, mayron pang ibang political dynasties na kailangan kunan ng pangil.  but with the right leaders at the top, it's doable.","favorite_count":1,"retweet_count":0,"created_at":1621910575000,"location":""}
{"tweet_id":1397018467224625153,"user_username":"RajihSev_0921","text":"@marortoll @ilda_talk Dont think about them as 16M Filipinos who chose Du30 as the president in the previous elections. Think of of them as part of the approximately 32 million who didn't want your candidate to win.","favorite_count":0,"retweet_count":0,"created_at":1621910132000,"location":"Mandaluyong City, National Cap"}
{"tweet_id":1397013940740100099,"user_username":"OchoOchoa1","text":"@rupertnotholmes Wait till you see the approval ratings of Du30 after increasing volume of vaccination, infra projects etc. I dont know how can you defeat the anointed one by Du30.","favorite_count":0,"retweet_count":0,"created_at":1621909053000,"location":""}
{"tweet_id":1396992062973616135,"user_username":"SporadicShooter","text":"@pinoyanghang Compared to this president's predecessor and even the last 4 chief executives COMBINED, yes, having another DU30 leading this country is definitely what's best for the Philippines hands down! \ud83d\udc4a\ud83d\udc4a\ud83d\udc4a","favorite_count":5,"retweet_count":0,"created_at":1621903837000,"location":""}
{"tweet_id":1396966153956646912,"user_username":"NoahRey08743436","text":"@TishaCM Heto yung set-up talaga na pera-pera lang, which has always been the case before Du30 came to power. Not that it has totally disappeared, but it has been addressed. And oligarchs can just no longer do anything with impunity.","favorite_count":4,"retweet_count":0,"created_at":1621897660000,"location":""}
{"tweet_id":1396929649020608513,"user_username":"KORE4NHOTGUY","text":"listening to all these opm bands just make me miss ust more omg i fucking h8 u du30 for taking away paskuhan i mean- icb ill graduate ust deprived \ud83d\ude2d\ud83d\ude2d\ud83d\ude2d","favorite_count":0,"retweet_count":0,"created_at":1621888956000,"location":"khb.kjh.kjw.syh.kjh.kdh.jcw"}
{"tweet_id":1396857331309240323,"user_username":"Lan_Jowa","text":"@pangpangarki why switch accounts? you can mura du30 here HAHAHAHAHA\n\nMother utang yan? HAHAHA the more accts the better ganon","favorite_count":1,"retweet_count":0,"created_at":1621871714000,"location":""}
{"tweet_id":1396847864383381505,"user_username":"mbbdirection","text":"normalize blaming everything on du30 and e$hy","favorite_count":1,"retweet_count":0,"created_at":1621869457000,"location":""}
{"tweet_id":1396843317199994884,"user_username":"Chumszon","text":"The whole nation, pray as one, heal as one na pangungunahan ni Du30 wt matching tarps \ud83e\udd2e\ud83e\udd2e\ud83e\udd2e","favorite_count":0,"retweet_count":0,"created_at":1621868373000,"location":"New World"}
{"tweet_id":1396840306276855808,"user_username":"taylordespa","text":"@reputushion no but can u say putangina mo DU30?? like that will really fix the Philippine government if u say that please??","favorite_count":0,"retweet_count":0,"created_at":1621867655000,"location":"He\/Him - 16 "}
{"tweet_id":1396839846304309248,"user_username":"tixjlg","text":"all i want and all i ever wanted is for du30 and his cronies to die PAINFULLY mahirap ba yon ha @ rold","favorite_count":0,"retweet_count":0,"created_at":1621867546000,"location":"PH"}
{"tweet_id":1396827775516905472,"user_username":"Duterte_Palpak","text":"@dimple0320 Indirectly yes. It is clear here you do not know your history.\n\nIf only our social institutions have provided for the equitable access to basic fundamental &amp; universal rights to people, then it would have not ended this way. Hindi lang ito sa termino ni Du30, but he worsened it.","favorite_count":0,"retweet_count":0,"created_at":1621864668000,"location":""}
{"tweet_id":1396826632766169092,"user_username":"mannypotatoble","text":"@kenfernz Now I don't know the agents you see online that made you think that way. Pero the way I see it, wala kang alam how insurance works. Just another \"woke\" person who takes his cringe to twitter. lol. Du30 is shit but hey, so are you \ud83e\udd37\u200d\u2642\ufe0f","favorite_count":1,"retweet_count":1,"created_at":1621864395000,"location":""}
{"tweet_id":1396825964366213120,"user_username":"ffxvqx","text":"@ABSCBNNews democracy, then they can't accept the one who won in democratic way. They can't accept that those people who voted for du30 have democracy too. Democracy isn't just for BS LP","favorite_count":0,"retweet_count":0,"created_at":1621864236000,"location":""}
{"tweet_id":1396806291725578242,"user_username":"williamperez973","text":"@DanSantos8 But our problem is that news like these hardly reach the masses thanks to the Du30 troll army and influencers  that twists news to fit into their favor. They even make their own news, fake ones, so they look good. And the tragedy is that these fakes news are hardly countered.","favorite_count":5,"retweet_count":4,"created_at":1621859546000,"location":"Here And There"}
{"tweet_id":1396793479427067906,"user_username":"williamperez973","text":"Influencers are so called because they are supposed \"to influence\" others, particularly the masses.This springs from the assertion that the masses can be influenced.And it is a correct assumption.Thus Du30 and the like spends much on these influencers apart from their own trolls","favorite_count":0,"retweet_count":0,"created_at":1621856491000,"location":"Here And There"}
{"tweet_id":1396790387381923845,"user_username":"basicrosse","text":"Our prof wants us to create a counter argument in opposing du30, and I physically have trouble doing it \ud83d\udc80\ud83d\udc80\ud83d\udc80","favorite_count":3,"retweet_count":0,"created_at":1621855754000,"location":"in a strange shitty"}
{"tweet_id":1396787214265159682,"user_username":"alviarjnt","text":"another day, another reason to blame du30 for all our hardships during this pandemic.","favorite_count":0,"retweet_count":0,"created_at":1621854997000,"location":"kian"}
{"tweet_id":1396784821326602247,"user_username":"Akis2x","text":"@ABSCBNNews du30 and ombudsman left the group.","favorite_count":1,"retweet_count":0,"created_at":1621854427000,"location":""}
{"tweet_id":1396758875995398145,"user_username":"DIFFANG1","text":"@Moneyma78808638 @warrior_granny None.\nIt was stressed out last Nov '20 purchase at cost direct to Gov'ts only. \nThe following week, DU30 said the US lead Companies are asking for down payments.\nAnother twisted reality.","favorite_count":3,"retweet_count":0,"created_at":1621848241000,"location":""}
{"tweet_id":1396752437281701889,"user_username":"InfluencerBotPH","text":"Top 100 experiences to find meaning in California while Du30 annihilates everyone!","favorite_count":0,"retweet_count":0,"created_at":1621846706000,"location":"Far from reality"}
{"tweet_id":1396745517464313857,"user_username":"AbelidoArmand","text":"@bamaquino Good for you, but Du30 is remarkable on its implementation don't worry it's something the executive a well taking for right now","favorite_count":0,"retweet_count":0,"created_at":1621845056000,"location":"National Capital Region, Repub"}
{"tweet_id":1396742875304525827,"user_username":"webhjs","text":"plus dds and du30 stop doing everything for clout https:\/\/t.co\/QKeYq6Ho2s","favorite_count":0,"retweet_count":0,"created_at":1621844426000,"location":"she bun kit"}
{"tweet_id":1396736781257646080,"user_username":"skidshaven","text":"and du30 pls that's so disgusting https:\/\/t.co\/15Vrotm7NM","favorite_count":0,"retweet_count":0,"created_at":1621842973000,"location":""}
{"tweet_id":1396732536022126594,"user_username":"DIFFANG1","text":"@jmschumey If you look closely, Pia wasn't supportive of APC, being running  VP of DU30 then. \nYou'll notice that smirk and rift but, it's too much for them to pass on.","favorite_count":3,"retweet_count":0,"created_at":1621841961000,"location":""}
{"tweet_id":1396726008884039690,"user_username":"TrevorEvans62","text":"@Navy_Hipple Unfortunately, the CCP is universally disliked in the Philippines, and not trusted, so DU30 made sure to increase the pay of the troops and PNP and give them new toys so they will stay in line.","favorite_count":0,"retweet_count":0,"created_at":1621840405000,"location":"Republic of the Philippines"}
{"tweet_id":1396725443311534080,"user_username":"TrevorEvans62","text":"@Navy_Hipple Filipinos are very tribal. Once they support a candidate they're all in regardless, so if they support DU30, they support every decision he makes, in most cases.","favorite_count":0,"retweet_count":0,"created_at":1621840270000,"location":"Republic of the Philippines"}
{"tweet_id":1396723775245225988,"user_username":"dailydoseofcare","text":"@SaltAndReality Razon Senior working for Marcos\nRazon Junior working for DU30","favorite_count":12,"retweet_count":1,"created_at":1621839872000,"location":"Singapore"}
{"tweet_id":1396722580082413568,"user_username":"kikoglucas","text":"@KUglyton we need Sarah Duterte for a landslide win just like DU30 win which can negate any Smartmagic these single digit presidential wannabees can be easily overcome by the Liberals in case the voting goes nect to neck..Sarah should run or they will be back","favorite_count":1,"retweet_count":0,"created_at":1621839587000,"location":"Lungsod ng Malolos, Bulacan"}
{"tweet_id":1396721072381202434,"user_username":"Dan55249237","text":"@DevinciNguyen @itradeph What political uncertainty? Di ba 90+ popularity rating ni DU30? The last straw for POGOs was when the DU30 Admin imposed new taxes on them.","favorite_count":1,"retweet_count":0,"created_at":1621839228000,"location":""}
{"tweet_id":1396711937111560196,"user_username":"pjmsglamour","text":"olive rodrig0 du30 stans are so annoying","favorite_count":0,"retweet_count":0,"created_at":1621837050000,"location":"OT7"}
{"tweet_id":1396703571509334022,"user_username":"cuddlypup1","text":"delulu fans, knetz, allkpop, antis, du30 y'all can choke on your own saliva, i hope y'all get lice infestation, i hope y'all crushes dont like you back, makakain sana kayo ng panis na kanin","favorite_count":0,"retweet_count":1,"created_at":1621835055000,"location":"\u2772s\/her | '04 | +63\u2773\u3000 \u0e05^\u2022\ufecc\u2022^\u0e05"}
{"tweet_id":1396702590012780549,"user_username":"DanMMariano2","text":"@rowena_guanzon @ABSCBNNews @COMELEC Case of mistaken identity. This Mark Lopez is not connected with ABS-CBN. The Mark L. Lopez who chairs ABS-CBN board does not look like \"Mark Lopez\" who is a known DU30 follower.","favorite_count":137,"retweet_count":12,"created_at":1621834821000,"location":""}
{"tweet_id":1396690843222765569,"user_username":"williamperez973","text":"@leahnavarro @Jimparedes Myanmar, Syria, Venezuela, China, and now the Philippines under Du30,  these are examples of countries whose leaders and their followers don't think world opinion matters. And that's the problem. We should convince more of Du30's followers, invite them to our fold.","favorite_count":0,"retweet_count":0,"created_at":1621832020000,"location":"Here And There"}
{"tweet_id":1396686764157329409,"user_username":"du30_celine","text":"@BTS_twt it wasn't smooth after all!!\nIt should be rought like #BUTTER!!!\ud83d\ude2d\nCongratulations Boys! #BTSARMY #BTS_Butter","favorite_count":0,"retweet_count":0,"created_at":1621831048000,"location":"Dubai"}
{"tweet_id":1396685059709706240,"user_username":"nacedelfusil","text":"@ExpatBanana no way.\nI\u2019m all for socialism and revolution but xi (and his daddy for that matter!) abandoned it a long time ago.\n\nthe revolutionaries in the Philippines can tell you that, Du30 is a puppet of \ud83c\udde8\ud83c\uddf3just as previous leaders were puppets of \ud83c\uddfa\ud83c\uddf8.\n\nXi\u2019s tanks can catch a Molotov ;)","favorite_count":0,"retweet_count":0,"created_at":1621830642000,"location":""}
{"tweet_id":1396684372980371459,"user_username":"eenao0523","text":"Most of the elderlies, including Papa expressed their support if Sara Du30 and BBM will run.\n\nSo please, mga Kabataan, exercise your rights. You need to vote. We need to outnumber the elderly voters if you want to have a prominent change in our PH government.\n\nRegister and vote!!","favorite_count":1,"retweet_count":0,"created_at":1621830478000,"location":""}
{"tweet_id":1396682219079421953,"user_username":"pialovesjbeans","text":"anywayyyy support universal healthcare, tangina mo du30, black lives matter, save palestine &amp; f\u00fbck israel, LGBT+ people deserve better, and mental health matters \ud83d\ude0c\ud83d\ude0c https:\/\/t.co\/VHAbmXAVXx","favorite_count":223,"retweet_count":7,"created_at":1621829964000,"location":"@Kalzivar"}
{"tweet_id":1396670365477203971,"user_username":"131oclock","text":"I just thought about it....... My plans to be an exchange student in sokor are also cancelled??? Du30 kasalanan mo to bwct kaaaaa","favorite_count":0,"retweet_count":0,"created_at":1621827138000,"location":""}
{"tweet_id":1396663078629122050,"user_username":"artistdaddy","text":"@GisingPilipino @PunchTheLies Actually, Sen Trillanes and Sen. Delima put their lives at stake more than anyone in the opposition by directly engaging with Du30 since day 1.","favorite_count":14,"retweet_count":3,"created_at":1621825401000,"location":"New York 11413"}
{"tweet_id":1396662863738019842,"user_username":"yeonjvgn","text":"good morning i miss irene this is all sm's and du30's fault","favorite_count":0,"retweet_count":0,"created_at":1621825350000,"location":""}
{"tweet_id":1396662151880712199,"user_username":"donatowhomst","text":"such a mood haha tnx to d only rodrigo we love .. rodrigo du30 ukinnam wala ka kwenta\nhttps:\/\/t.co\/bw4TrYm0uA","favorite_count":1,"retweet_count":0,"created_at":1621825180000,"location":"donny"}
{"tweet_id":1396643745173442560,"user_username":"Sebasti18987364","text":"@rowena_guanzon Baka Murahin ka ni Du30 nyan! Wait for President\u2019s message this week! Special Mentioned ka!","favorite_count":1,"retweet_count":0,"created_at":1621820791000,"location":"Los Angeles, CA"}
{"tweet_id":1396633936323874823,"user_username":"PerlasngDigma","text":"LAPD GTFO of historic filipino town and let this king use his fake ID in peace \ud83d\ude29 the only thing DU30 has ever been good for https:\/\/t.co\/ZkJ7X63bO3","favorite_count":5,"retweet_count":0,"created_at":1621818453000,"location":"Seattle, WA"}
{"tweet_id":1396622009811935233,"user_username":"jaypeereyes2","text":"Well, do you think Du30 won because his VP Cayetano is not from the same region?  That Cayetano contributed anything to his victory? Do you think that Sara\/Go has no chance? Can\u2019t we just trust 1Sambayan coalition process, after all the coalition will come from diff regions. https:\/\/t.co\/lYKpIzphNt","favorite_count":0,"retweet_count":0,"created_at":1621815609000,"location":"San Juan City"}
{"tweet_id":1396616779435175938,"user_username":"ADPR72463","text":"Democracy, \u201cproblematic term\u201d\ud83e\udd14\nWhen PNoy caused GMA's arrest &amp; engineered Corona's impeachment opponents decried death of democracy. When Du30 saw to it the ABS-CBN franchise not be renewed, lumad schools closed &amp; groups red- tagged, opponents bewailed demise of democracy.\n1","favorite_count":28,"retweet_count":4,"created_at":1621814362000,"location":""}
{"tweet_id":1396615429230002176,"user_username":"iCristiano_1104","text":"For NCR+: Dont disclose the vaccine brand\nFor Davao: Almost all the Pfizer vaccines will be in Davao\n\nGago talaga ng #Du30 admin \ud83e\udd28 https:\/\/t.co\/0iebAHp5z6","favorite_count":1,"retweet_count":0,"created_at":1621814040000,"location":"Republic of the Philippines"}
{"tweet_id":1396601257381539840,"user_username":"InfluencerBotPH","text":"Top 6 experiences to eat amazing food in China while Du30 annihilates everyone!","favorite_count":0,"retweet_count":0,"created_at":1621810662000,"location":"Far from reality"}
{"tweet_id":1396599395328487426,"user_username":"tendounot","text":"I've been blaming du30 for every shitty thing that's happening right now because it's trueeeee","favorite_count":0,"retweet_count":0,"created_at":1621810218000,"location":"they\/she | semi nsfw"}
{"tweet_id":1396594606700072962,"user_username":"just_pingping","text":"REMEMBER MARAWI!\n\nFour years ago, Du30 reduced the proud city of the Maranaos to smithereens. Promised to rebuild it. Never happened. How was the crime reciprocated? By adopting him as part of the Maranao race. Contrast this to the burning of Jolo by Marcos in 1974.\n(Contd...) https:\/\/t.co\/bqJMCrhRgs","favorite_count":2,"retweet_count":0,"created_at":1621809076000,"location":"Republic of the Philippines"}
{"tweet_id":1396580905834196994,"user_username":"ElTuco35138119","text":"@GOP @SeanReyesUT I love DU30","favorite_count":0,"retweet_count":0,"created_at":1621805809000,"location":""}
{"tweet_id":1396566036988633092,"user_username":"ambrosenet","text":"@LakasNgTimog when i went to davao several times prior to 2016...i noticed that he\u2019s different and that there\u2019s something in du30 that makes him stand out among the rest! i now can tell why! pinas is much developed in so many ways! tnx to him!","favorite_count":2,"retweet_count":0,"created_at":1621802264000,"location":"Queensland, Australia"}
{"tweet_id":1396554107419119616,"user_username":"aceiallisam","text":"@rosiegirlkisser rodrighoes remembered me of du30","favorite_count":0,"retweet_count":0,"created_at":1621799420000,"location":""}
{"tweet_id":1396539368991379459,"user_username":"jhov86760116","text":"@inquirerdotnet A great leader needs a great advisor \ud83d\ude0a pres.DU30 needs JPE \ud83d\ude0c","favorite_count":0,"retweet_count":0,"created_at":1621795906000,"location":""}
{"tweet_id":1396532498486632449,"user_username":"molliieeeeee","text":"I had a tshirt of the du30 \nt shirt.\nUtterly disgusting.","favorite_count":0,"retweet_count":0,"created_at":1621794268000,"location":""}
{"tweet_id":1396516022761390081,"user_username":"jhov86760116","text":"@inquirerdotnet can't wait  for the result of this two brilliant men \ud83d\ude0d hand's up for Tatay Du30 and JPE \ud83d\ude46","favorite_count":0,"retweet_count":0,"created_at":1621790340000,"location":""}
{"tweet_id":1396511092117934081,"user_username":"DIFFANG1","text":"@thesampler09 That's the agenda actually when DU30 was telling China to make philippines a province so financial support flows. Out of the $24B promised, $14B was for Davao alone, to make  an OASIS in the south.\nBut China stake holders disapproved it. Saying its not feasible.","favorite_count":2,"retweet_count":0,"created_at":1621789164000,"location":""}
{"tweet_id":1396510605880688640,"user_username":"just_pingping","text":"He is loyal to none but himself,not to Du30 whom he bashed during the campaign,not the Zambales fishermen he used then cast away,the LGBT community whose Jeni Laude he threw like a hot potato,the comfort women he committed to oblivion, the HR activists he betrayed. (Contd..)","favorite_count":1,"retweet_count":0,"created_at":1621789049000,"location":"Republic of the Philippines"}
{"tweet_id":1396501295180050437,"user_username":"shrngzkie","text":"@inquirerdotnet salute to this two man Juan Ponce Enrile, DU30 for what you did to our country","favorite_count":0,"retweet_count":0,"created_at":1621786829000,"location":""}
{"tweet_id":1396499519085318145,"user_username":"michas4580","text":"@jmschumey Ang DDS ay walang solid na political standpoint at advocacy. Nakabase lang ito sa personality-politics ni Duterte. Kaya we can easily defeat them by having a coherent strategy at may niche ng psychologists' view (Du30-DDS narcissistic symbiosis and shared psychosis).","favorite_count":2,"retweet_count":0,"created_at":1621786405000,"location":""}
{"tweet_id":1396496011569160192,"user_username":"jhov86760116","text":"@inquirerdotnet JPE and pres.Du30 at their age still wants to serve the country for its best! and that's a wow!","favorite_count":1,"retweet_count":0,"created_at":1621785569000,"location":""}
{"tweet_id":1396492182765277184,"user_username":"aceiallisam","text":"@penguinblinks @aespenguin du30 doesn\u2019t have twt acc so why bother","favorite_count":0,"retweet_count":0,"created_at":1621784656000,"location":""}
{"tweet_id":1396489597182353410,"user_username":"tan_nonoy","text":"@leejampat @lenirobredo @TrillanesSonny Admin &amp; 16 m dds who voted du30 are creating strats of fake &amp; misinformations campaigns to make us fragmented. Opposition is migthy while govt admin is hopeless, desperate &amp; weak. For sure election next year will be a clash of clashes among pinoys.","favorite_count":6,"retweet_count":0,"created_at":1621784040000,"location":"Sara, Iloilo West Visayas"}
{"tweet_id":1396473514341789697,"user_username":"jhov86760116","text":"@inquirerdotnet you can't make everyone to pleased you JPE for what happened before,but despite of all the acquisition pres.du30 still choose you to be his legal advisor. He trust and believes you. looking forward for this best tandem du30 and JPE \ud83d\udcaa","favorite_count":0,"retweet_count":0,"created_at":1621780205000,"location":""}
{"tweet_id":1396472534015508485,"user_username":"pjscults","text":"when will filo stans stop associating him (or any person related w du30 administration) with kpop idols for hit tweets? https:\/\/t.co\/r00iRLG6VM","favorite_count":0,"retweet_count":0,"created_at":1621779971000,"location":"she!they \u2014 eighteen"}
{"tweet_id":1396470531084279814,"user_username":"jhov86760116","text":"@inquirerdotnet A wise leader(pres.Du30)  knows to choose his men in order for a better and improving country.","favorite_count":0,"retweet_count":0,"created_at":1621779494000,"location":""}
{"tweet_id":1396469570655846400,"user_username":"krameoj2","text":"@rising_hail @ricardocelebra1 kapal ng leni.... du30 doesnt need her.... she is the one who NEEDS HIS POPULARITY to rub on her.... DESPERATELY","favorite_count":0,"retweet_count":0,"created_at":1621779265000,"location":""}
{"tweet_id":1396469032417595392,"user_username":"condreeh","text":"@inquirerdotnet big salute to this two man Juan Ponce Enrile, DU30 for what you did to our country","favorite_count":0,"retweet_count":0,"created_at":1621779137000,"location":"Tagoloan, Northern Mindanao"}
{"tweet_id":1396465892364484609,"user_username":"ryyyyyykun","text":"Once I saw the post, I notice that the CHED Chairman right now is the one that I really admire before when talking about politics way back before Du30's administration","favorite_count":0,"retweet_count":0,"created_at":1621778388000,"location":"Cebu City"}
{"tweet_id":1396461072815575041,"user_username":"yoshibibcart","text":"du30 has to go https:\/\/t.co\/4RtQwJz02z","favorite_count":65,"retweet_count":6,"created_at":1621777239000,"location":""}
{"tweet_id":1396459951929757699,"user_username":"KoigoesB","text":"@LakasNgTimog Yeah while I listen to Du30 songs while answering my module","favorite_count":2,"retweet_count":0,"created_at":1621776972000,"location":"Cebu City, Central Visayas"}
{"tweet_id":1396450621385887747,"user_username":"lxnderjuicy","text":"@ryx4felix @Stray_Kids du30 skin magaling xiah 2mahol\n\nI nominate STRAY KIDS #Whosfan_1st_Anniversary \n#\ud6c4\uc988\ud32c_1\uc8fc\ub144_\ucd95\ud558\ud574 \n@Stray_Kids\n #Whosfan_with_STRAYKIDS","favorite_count":0,"retweet_count":0,"created_at":1621774747000,"location":"6TEEN ! he\/him ! +63"}
{"tweet_id":1396449691143835649,"user_username":"enhykoo","text":"for sure i wouldnt be able to go here even though i live in manila bc of the situation BLAMING DU30 FOR THIS https:\/\/t.co\/31aHjCmMGa","favorite_count":3,"retweet_count":0,"created_at":1621774525000,"location":"she\/her 20 rcbyf!"}
{"tweet_id":1396445938147680257,"user_username":"snwoogf","text":"COVID BEGONE! DU30 BEGONE!","favorite_count":0,"retweet_count":0,"created_at":1621773631000,"location":"20 (she\/her)"}
{"tweet_id":1396438367261184005,"user_username":"zeninclips","text":"why do dds defend du30 like a kpop bg stan ...","favorite_count":0,"retweet_count":0,"created_at":1621771825000,"location":"any prns but i prefer He\/They "}
{"tweet_id":1396435342438244352,"user_username":"britamericaball","text":".... will likely be Sinovac which Du30 is flooding in.\n\nSuch a dumb and false comment, sooner, when more Pfizer vaccine arrives, you are more likely to recieve Pfizer than Sinovac.\n\nThe PH Govt ordered 40M Pfizer + allocation from COVAX. While there is only 25M + 1M donated...... https:\/\/t.co\/ItIx6yWQ5d","favorite_count":0,"retweet_count":0,"created_at":1621771104000,"location":"Pasig City, National Capital R"}
{"tweet_id":1396428714204811268,"user_username":"yun8qi","text":"WHAT  YHE  FUCK  DU30'S  LAST  NAME  IS  DUTERTE  ??  NOT  RODRIGO  ??","favorite_count":1,"retweet_count":0,"created_at":1621769524000,"location":"she her minor \nasian rcbyf\npriv : jwiakgae"}
{"tweet_id":1396427592060739588,"user_username":"belleongrea","text":"Aside from various communities (e.g. urban poor, peasant, IP), schools and universities are also one of the center for organizing and mobilizing the youth.\n\nSa madaling sabi, CHED &amp; Du30 are afraid of the youth fighting along with the broad masses against anti-people policies. https:\/\/t.co\/eE9de0sinU","favorite_count":6,"retweet_count":2,"created_at":1621769256000,"location":"ydongrea@up.edu.ph"}
{"tweet_id":1396425249609043976,"user_username":"DIFFANG1","text":"@jmschumey Du30 himself mentioned that from 2.M in 2015  it has reached 7M in 2019. drugs have become more prevalent nationwide, now with even more choices\nMeths, cokes, and heroine..\nIts a cartel already.","favorite_count":26,"retweet_count":7,"created_at":1621768698000,"location":""}
{"tweet_id":1396405745202069504,"user_username":"philsharifurmom","text":"lol anti du30 daw pero supporter and friends with a party that is racist, homophobic, and trapo. pick ur struggle sis\/bro. u know who u are. pussy enablers.","favorite_count":2,"retweet_count":0,"created_at":1621764048000,"location":"Liverpool, England"}
{"tweet_id":1396390047008665600,"user_username":"InfluencerBotPH","text":"Top 74 adventures to find a new life in Taiwan while Du30 annihilates everyone!","favorite_count":0,"retweet_count":0,"created_at":1621760305000,"location":"Far from reality"}
{"tweet_id":1396382774735499264,"user_username":"RDA47338427","text":"@ABSCBNNews And after the DU30's term ends, will go back to the traditional way.\ud83d\ude01","favorite_count":8,"retweet_count":0,"created_at":1621758571000,"location":"Manila"}
{"tweet_id":1396382310883340288,"user_username":"InfluencerBotPH","text":"Top 6 shops to buy cheap clothes in Hong Kong while Du30 annihilates everyone!","favorite_count":0,"retweet_count":0,"created_at":1621758461000,"location":"Far from reality"}
{"tweet_id":1396362209832280066,"user_username":"raissawriter","text":"I think the du30 govt bough 25m more. https:\/\/t.co\/2b0lkJ4vyA","favorite_count":36,"retweet_count":7,"created_at":1621753668000,"location":"Philippines"}
{"tweet_id":1396359262280978436,"user_username":"raissawriter","text":"Frankly, @DrTonyLeachon , of what use is this kind of good news useful to Filipinos when the Du30 govt seems to be making little effort to get these vacs but pushing the mantra - the best vac is the one in your arm - and that will likely be Sinovac which Du30 is flooding in. \ud83d\ude0e https:\/\/t.co\/O8kIRVUtha","favorite_count":136,"retweet_count":23,"created_at":1621752965000,"location":"Philippines"}
{"tweet_id":1396358393095327749,"user_username":"prkjhystan","text":"drop the tags if du30 is trash\n\nI nominate TWICE \n#Whosfan_1st_Anniversary #\ud6c4\uc988\ud32c_1\uc8fc\ub144_\ucd95\ud558\ud574 #Whosfan_with_TWICE \n@JYPETWICE","favorite_count":0,"retweet_count":0,"created_at":1621752758000,"location":"once || \ubcc4\ud558\ub791 "}
{"tweet_id":1396356011062034434,"user_username":"mayc2325","text":"@oslecjunior \ud83d\ude44\ud83e\udd23 everyday in this Du30 regime is a COmedy of Errors!!!","favorite_count":3,"retweet_count":1,"created_at":1621752190000,"location":""}
{"tweet_id":1396350510160957442,"user_username":"mirothunderfuck","text":"@fbgcon same number of times dengites called du30 a socialist","favorite_count":0,"retweet_count":0,"created_at":1621750879000,"location":"PH "}
{"tweet_id":1396337297415671810,"user_username":"Adonis47109143","text":"du30 summoned former leaders to malacanang only panotaquino refused for unknown reason...\n\nnasan si panot??? \ud83d\ude01\ud83d\ude01","favorite_count":7,"retweet_count":0,"created_at":1621747729000,"location":""}
{"tweet_id":1396333601143226369,"user_username":"paperreigns","text":"@alwayslouuu_ bc du30 is hawt \ud83e\udd24\ud83e\udd24 \/j","favorite_count":0,"retweet_count":0,"created_at":1621746847000,"location":"philipinx"}
{"tweet_id":1396321190289936387,"user_username":"FangirlZun","text":"Bruh, Selling of vaccine is strictly prohibited,\nIndeed, Anti Du30 ppl are mga pasaway sa batas I know why they hate him https:\/\/t.co\/DRDi5FAzjE","favorite_count":3,"retweet_count":1,"created_at":1621743888000,"location":"Republic of the Philippines"}
{"tweet_id":1396317178647879695,"user_username":"Y0WSH1","text":"I am frustrated and exhausted with this setup. I\u2019m a medical student but I don\u2019t feel the same way about my dream anymore. My passion for medicine is slowly dying because of the system. Taena mo CHED. Pati Ikaw DU30. Walang kwenta.","favorite_count":0,"retweet_count":0,"created_at":1621742932000,"location":"01\u2019"}
{"tweet_id":1396316744361250816,"user_username":"AlbertS67601342","text":"@kakiep83 Thank you Du30\u2019s procurement team for the Vaccines! Be Grateful\ud83d\ude4fHoping your perception changed. Best President ever\ud83d\udc4a\ud83c\udffb","favorite_count":1,"retweet_count":0,"created_at":1621742828000,"location":""}
{"tweet_id":1396302883147194369,"user_username":"m17nyc","text":"@isabelmerana It's just the same as #DU30 s 90%+ approval rating","favorite_count":3,"retweet_count":0,"created_at":1621739524000,"location":"NYC"}
{"tweet_id":1396296445309775874,"user_username":"retiredrebel1","text":"It's @SolGenCalida's job to go after anyone who stands in the way of DU30 allies like @bongbongmarcos, &amp; ensure that all these scumbags are triumphant. When DU30 is gone, Calida must be pursued to the ends of the world to make sure justice is served!!! @DOJPH @SolGenPH @SCPh_PIO https:\/\/t.co\/cpCFoadL8F","favorite_count":78,"retweet_count":25,"created_at":1621737989000,"location":"Cordilleras"}
{"tweet_id":1396279940379602955,"user_username":"RDA47338427","text":"@NomadParkTrails @m_adelie After the exit of Morales,  Gierran was asked by DU30 to take Philhealth's helm. He was the ex-Director of the NBI, a CPA_lawyer. Akala ko non, hahabulin nia yong sindikato na involved sa 15-B mess. After a few months in office biglang all-accounted for na.","favorite_count":1,"retweet_count":0,"created_at":1621734054000,"location":"Manila"}
{"tweet_id":1396276035713310723,"user_username":"nefarious_belle","text":"@iAmSuperPissed Which is ironic for a govt that keeps pn pushing for federalism. Du30 is really full of irony and a true blue liar so to speak. #letlenilead","favorite_count":0,"retweet_count":0,"created_at":1621733123000,"location":"Republic of the Philippines"}
{"tweet_id":1396259595207774211,"user_username":"jefflim79","text":"@piaranada @rapplerdotcom Now that he wants something, he wants nations to respect international law but when he was asked about respecting international law when it comes human rights, he pretty much ignored it. Life doesn't work that way DU30.","favorite_count":1,"retweet_count":0,"created_at":1621729203000,"location":""}
{"tweet_id":1396257930895237123,"user_username":"8Walingwaling","text":"U HATE DU30, fine but hating the President\u00a0doesnt give u the right to SPREAD RUMORS, GOSSIP, or PUTDOWNS. Ur Gossip doesnt do a lot of good if its informational content is unreliable. Talk is cheap. https:\/\/t.co\/3dKZIZwwm0","favorite_count":1,"retweet_count":0,"created_at":1621728806000,"location":""}
{"tweet_id":1396256781706285057,"user_username":"8Walingwaling","text":"@chadachada17 @jamaxenne @bryqcave32 @KrizzyMt @JamMagno_ U HATE DU30, fine but hating the President\u00a0doesnt give u the right to SPREAD RUMORS, GOSSIP, or PUTDOWNS. Ur Gossip doesnt do a lot of good if its informational content is unreliable. Talk is cheap. https:\/\/t.co\/DodWztJ4SZ","favorite_count":0,"retweet_count":0,"created_at":1621728532000,"location":""}
{"tweet_id":1396248261942415364,"user_username":"renedelros","text":"and they didn't trust China and Du30 as well https:\/\/t.co\/HhK29dKdVU","favorite_count":0,"retweet_count":0,"created_at":1621726501000,"location":""}
{"tweet_id":1396244017352896519,"user_username":"PedroRe30116093","text":"@ddeleon08_donny @inquirerdotnet Yes. Du30 #DuterteTraydor https:\/\/t.co\/bLRvqscy4w","favorite_count":1,"retweet_count":0,"created_at":1621725489000,"location":""}
{"tweet_id":1396229976773468163,"user_username":"Moneyma78808638","text":"JOKE NI NINOY\n\nTalumpati ng 1 hapon:\nYou firipinos are the ruckiest people in asia. You have president who robs you, and a first lady who robs you more. \n\nRobs = loves\n\nIs du30 rob us also? \n\nhttps:\/\/t.co\/EQgxqtlUEl","favorite_count":3,"retweet_count":1,"created_at":1621722141000,"location":""}
{"tweet_id":1396190387493015553,"user_username":"tribunephl","text":"Duterte said the Philippines is not blind to the geopolitics of diversification and decoupling, saying that the country does not see the need to take sides in the ongoing geo-economic competition among big powers.\n\nhttps:\/\/t.co\/VFS1GZsFAi","favorite_count":0,"retweet_count":0,"created_at":1621712702000,"location":"Makati City"}
{"tweet_id":1396151141008740353,"user_username":"heyitsmshy","text":"Its funny that CHED announced that flexible learning will be the new normal lmao, have they conduct some studies about the impact of flexible learning sa students? Putangina mo du30 isa ka pa, you enabled these people who enabled this kind of stupidity.","favorite_count":0,"retweet_count":0,"created_at":1621703345000,"location":"look above u"}
{"tweet_id":1396148479769075714,"user_username":"InfluencerBotPH","text":"Top 100 adventures to eat amazing food in Indonesia while Du30 annihilates everyone!","favorite_count":0,"retweet_count":0,"created_at":1621702711000,"location":"Far from reality"}
{"tweet_id":1396132261649555458,"user_username":"coffeetearz","text":"104.\n\nif u're a college student &amp; u hate sat class (&amp; du30), welcome to the club bestie! \u2728 https:\/\/t.co\/uJ7dxlrzBU","favorite_count":5,"retweet_count":0,"created_at":1621698844000,"location":"turismo. siguro isang manunulat.\u3164\u3164\u3164\u3164personal trait ko atang magsayang \u3164\u3164\u3164\u3164\u3164ng oras sa lalaki, jk. \u3164\u3164\u3164\u3164\u3164\u3164\u3164\u3164\u3164\u3164\u3164\u3164pls read the carrd !\u3164"}
{"tweet_id":1396114344094560259,"user_username":"jusunsciety","text":"@sunwoos_berry i blame this to du30","favorite_count":0,"retweet_count":0,"created_at":1621694572000,"location":"rcbyf"}
{"tweet_id":1396086779007037446,"user_username":"sprismkaty","text":"@PrinceSalvaleon Hi President DU30\ud83c\udf3f\ud83c\udf3f\ud83c\udf3f I love you so much\u2764\ufe0f\u2764\ufe0f\u2764\ufe0f\ud83c\uddf5\ud83c\udded\ud83c\uddf5\ud83c\udded\ud83c\uddf5\ud83c\udded\ud83c\udff3\ufe0f\u200d\ud83c\udf08\ud83c\udff3\ufe0f\u200d\ud83c\udf08\ud83c\udff3\ufe0f\u200d\ud83c\udf08 Please PROTECT ME\ud83c\uddf5\ud83c\udded\ud83c\uddf5\ud83c\udded\ud83c\uddf5\ud83c\udded","favorite_count":1,"retweet_count":0,"created_at":1621688000000,"location":"\ud83c\uddf5\ud83c\udded"}
{"tweet_id":1396085873305739267,"user_username":"PrinceSalvaleon","text":"Hi President DU30\ud83c\udf3f\ud83c\udf3f\ud83c\udf3f I love you so much\u2764\ufe0f\u2764\ufe0f\u2764\ufe0f\ud83c\uddf5\ud83c\udded\ud83c\uddf5\ud83c\udded\ud83c\uddf5\ud83c\udded\ud83c\udff3\ufe0f\u200d\ud83c\udf08\ud83c\udff3\ufe0f\u200d\ud83c\udf08\ud83c\udff3\ufe0f\u200d\ud83c\udf08 Please PROTECT ME\ud83c\uddf5\ud83c\udded\ud83c\uddf5\ud83c\udded\ud83c\uddf5\ud83c\udded","favorite_count":0,"retweet_count":0,"created_at":1621687784000,"location":"Republic of the Philippines"}
{"tweet_id":1396075144578174976,"user_username":"bpconfusedt","text":"@jennieelisaa daddy du30 supporter pliyaz","favorite_count":0,"retweet_count":0,"created_at":1621685226000,"location":""}
{"tweet_id":1396071722697117698,"user_username":"williamperez973","text":"@nawawalost Let's trust 1Sambayan process. The way to win against Du30 and his minions is to solidly support 1Sambayan. Whoever will be it's top bets, we support the. Respeto Kay nanay, kahit ano Basta Hain ni nanay.","favorite_count":14,"retweet_count":1,"created_at":1621684411000,"location":"Here And There"}
{"tweet_id":1396068256612454401,"user_username":"FKatoliko","text":"Those who support du30 and are ok with the killings are not christians in the strictest sense but are hypocritians.\ud83d\udc4a","favorite_count":0,"retweet_count":0,"created_at":1621683584000,"location":""}
{"tweet_id":1396068067566776325,"user_username":"QingxinSea","text":"This is the purest definition of state neglect exemplified in the education system. The DU30 regime and all government offices should just listen to the people for once and act for the people.","favorite_count":2,"retweet_count":0,"created_at":1621683539000,"location":"SEA | PH"}
{"tweet_id":1396067197840105472,"user_username":"cuddlypup1","text":"fuck      \u2192  fuck       \u2192        fuck\nallkpop       du30              label v\n                                           \n     \u2191                  \ud83d\ude04\ud83d\udc4d\ud83c\udffb             \u2193\n\n  fuck       \u2190     fuck \u3000\u2190     fuck\n   SM            j4m magno      mnet","favorite_count":14,"retweet_count":3,"created_at":1621683332000,"location":"\u2772s\/her | '04 | +63\u2773\u3000 \u0e05^\u2022\ufecc\u2022^\u0e05"}
{"tweet_id":1396059387332947974,"user_username":"RDA47338427","text":"@JulesMakabayan Uy is DU30's close ally. So definitely the contract will be extended.","favorite_count":0,"retweet_count":0,"created_at":1621681470000,"location":"Manila"}
{"tweet_id":1396057302248038405,"user_username":"_QuePasaChica_","text":"@kolsenerboi All you need to do is read.\n\nHe's the only one who filed a plunder case against the BuangNaDuwag. He filed libel cases against Mocha &amp; TP. He exposed the Du30 family's ill-gotten wealth. He recently exposed Buang's lies re WPS. You call all that 'just bark'?","favorite_count":18,"retweet_count":1,"created_at":1621680973000,"location":"Hong Kong"}
{"tweet_id":1396055808371216384,"user_username":"roastedsoybean","text":"@PunchTheLies 2 reasons why I doubt Trillanes: 1. He wanted to be Duterte's runningmate dati and Du30 refused. This is despite de5's investigations na of du30. So Trillanes speaking out against Du30, for me, is because tinanggihan sya.\n2. He wants traPoe as VP. Shows he only wants to win","favorite_count":5,"retweet_count":0,"created_at":1621680616000,"location":"Doha, Qatar"}
{"tweet_id":1396050602388598788,"user_username":"roastedsoybean","text":"@jay_beltran A handful of business people (usually the class A and B in society) like Duterte coz these businesses thrive by corrupting the very corruptible Du30. No. 1 example: Dennis Uy. Others: those who rent their properties to the richer Chinese","favorite_count":3,"retweet_count":0,"created_at":1621679375000,"location":"Doha, Qatar"}
{"tweet_id":1396042217702055941,"user_username":"solasierre","text":"how about heavy skilled degrees?? they are heavily affected to this incompetent lockdown and quarantine policies. bobo ng mga tao ni du30","favorite_count":1,"retweet_count":0,"created_at":1621677376000,"location":"19. she\/her"}
{"tweet_id":1396035036609085440,"user_username":"HLingayan","text":"Paano maniniwala ang mga Pilipino na palpak ang DU30 Administrasyon?\n\nPhilippine Construction Boom\n\nLRT-1 Cavite Extension\n\nLRT-1's depot expansion in Pasay City is already being constructed. The new depot will cater to the new 4th Generation (4G) trains.\n\n#BuildBuildBuild\n\u00a9 DOTr https:\/\/t.co\/d7fU1GaNar","favorite_count":24,"retweet_count":7,"created_at":1621675664000,"location":"Republic of the Philippines"}
{"tweet_id":1396031407567228930,"user_username":"itsleonorrivera","text":"@societyofhonor I think you're right. The odds of Manny Pacquiao winning the presidency would go up since his adoring fans comes from the same people who have voted for Du30. Those voters he could get would be the so-called fanatics. I wonder, how many %age of the population would that be now? https:\/\/t.co\/D3zRiqpjhg","favorite_count":1,"retweet_count":0,"created_at":1621674799000,"location":"Middle Earth"}
{"tweet_id":1396029423489458177,"user_username":"MomMonsterJP","text":"@inquirerdotnet @mgvtrb That\u2019s good. Now let\u2019s wait for the Philippine government (#du30 admin) to back the Philippines in this row. \ud83e\udd26\u200d\u2640\ufe0f","favorite_count":0,"retweet_count":0,"created_at":1621674326000,"location":"Japan"}
{"tweet_id":1396021904792723456,"user_username":"uninstall__life","text":"@ddhmencias if anything du30's covid response is helping us become stupider so your wish has been granted","favorite_count":1,"retweet_count":0,"created_at":1621672533000,"location":""}
{"tweet_id":1396011802526425094,"user_username":"boyetdeleon04","text":"Sara du30 for president 2022 election \ud83d\udc4a\ud83d\udc4a\ud83d\udc4a\ud83d\udc4a\ud83d\udc4a\ud83d\udc4a\ud83d\udc4afinish na finish na\ud83d\udc4a\ud83d\udc4a\ud83d\udc4a\ud83d\udc4a\ud83d\udc4a\ud83d\udc4a https:\/\/t.co\/NPnKrfkE1c","favorite_count":0,"retweet_count":0,"created_at":1621670125000,"location":""}