{"tweet_id":1397078243660898305,"user_username":"MizRnD","text":"@KatarHol5 @lilyoftheveil17 The system now gave us Digong. We won\u2019t be able to improve unless we look at improving it as a whole. It\u2019s more difficult for sure. I really believe education will lift up society","favorite_count":2,"retweet_count":0,"created_at":1621924384000,"location":""}
{"tweet_id":1397077632341012481,"user_username":"KatarHol5","text":"@MizRnD @lilyoftheveil17 Because that particular system got us Digong  Duterte.","favorite_count":0,"retweet_count":0,"created_at":1621924238000,"location":"Sta Rosa ,Laguna Philippines"}
{"tweet_id":1397043002028150784,"user_username":"mrkjsntgnd","text":"federalism? revolutionary government? pandemya ngayon and don't fucking deny na hindi ito funded and\/ or supported by one of the alipores ni digong. tang ina niyo talaga. you fucking are taking advantage of the pandemic to put forth your ulterior motives","favorite_count":0,"retweet_count":0,"created_at":1621915982000,"location":""}
{"tweet_id":1396977606667345922,"user_username":"Leifbilly","text":"The House Committee on Legislative Franchises on Monday granted the franchises of Manila Water Company Inc., and Maynilad Water Services Inc., to establish, operate and maintain waterworks and sewerage systems for commercial purposes. @HouseofRepsPH https:\/\/t.co\/RIA9fi7CLM","favorite_count":0,"retweet_count":0,"created_at":1621900390000,"location":"Quezon City"}
{"tweet_id":1396961846431666177,"user_username":"GerryCacanindin","text":"Mali. Second biggest poo after Digong. https:\/\/t.co\/SJYp0torGM","favorite_count":4,"retweet_count":1,"created_at":1621896633000,"location":"Manila, Philippines"}
{"tweet_id":1396937668034842626,"user_username":"GeorgiaClaro3","text":"@jmschumey I'm not upset that you lied to me.... I'm upset that from now on i can't believe you. A quote I read that applies to digong's and his minion's lies.","favorite_count":1,"retweet_count":0,"created_at":1621890868000,"location":""}
{"tweet_id":1396937267273416707,"user_username":"c4lidor3","text":"@oslecjunior Digong can\u2019t even comply. How can he inspire?","favorite_count":3,"retweet_count":0,"created_at":1621890773000,"location":"Pandemonium Fortress"}
{"tweet_id":1396886587166793729,"user_username":"euwy13","text":"@o4Martin @lcmlaw_ph @Lexkza It has to be Mirriam and Bongbong. Second would be Digong. The rest are just stupid. LoL","favorite_count":0,"retweet_count":0,"created_at":1621878689000,"location":"Heaven"}
{"tweet_id":1396876080095531013,"user_username":"make_sensei","text":"Pre pandemic economy under Digong ain't soaring but instead diving... \n\n#LetLeniLead she's an idealist who never runs out of great ideas... https:\/\/t.co\/lfdBLM84lH","favorite_count":7,"retweet_count":3,"created_at":1621876184000,"location":"Republic of the Philippines"}
{"tweet_id":1396837456654192646,"user_username":"zaldytor","text":"The DOST approved the studies on the efficacy of mixing-and-matching COVID-19 vaccines.\n\nIf only Digong listen to the public clamor, we could have avoided Sinovac and secured Pfizer &amp; Moderna at an early stage of vaccination program maximizing resources. \nhttps:\/\/t.co\/kiMtZwmb96 https:\/\/t.co\/SkC19xn6JL","favorite_count":5,"retweet_count":1,"created_at":1621866976000,"location":""}
{"tweet_id":1396789275618734080,"user_username":"bobi43205369","text":"@ABSCBNNews Tell that to Digong.","favorite_count":1,"retweet_count":0,"created_at":1621855489000,"location":"calabarzon"}
{"tweet_id":1396783190992297987,"user_username":"jessdelros6","text":"@KayaNatinPH @EstelleSelfie @lenirobredo Agree. With Digong as our president, a talk with China is not even bilateral. It's unilateral.#DuterteTraydor","favorite_count":6,"retweet_count":2,"created_at":1621854038000,"location":"Winnipeg, Manitoba"}
{"tweet_id":1396762770868039680,"user_username":"Politiko_Ph","text":"The House Committee on Legislative Franchises on Monday granted the franchises of Manila Water Company Inc., and Maynilad Water Services Inc., to establish, operate and maintain waterworks and sewerage systems for commercial purposes. | via @Leifbilly\nhttps:\/\/t.co\/X1SiCp4HV9","favorite_count":0,"retweet_count":1,"created_at":1621849169000,"location":""}
{"tweet_id":1396761807994253318,"user_username":"biatchwutt","text":"daily reminder that digong is a piece of shit","favorite_count":2,"retweet_count":0,"created_at":1621848940000,"location":"AB-PAMP\/s!her"}
{"tweet_id":1396761205788737537,"user_username":"genetorres11","text":"Digong lied about all of the things he can do for the country when he took the Presidency. For Davaoenos, he may be the perfect Mayor, but thats it\u2026 a Mayor. \n\nHis daughter (just because she carries his last name) is also a \u201cgood\u201d Mayor\u2026a Mayor of a city, thats it.","favorite_count":5,"retweet_count":0,"created_at":1621848796000,"location":"Cebu City"}
{"tweet_id":1396704420893650945,"user_username":"EzraVasquez5","text":"@KingNginamo1 I blame Digong for the virus reaching our islands. His constant downplaying of the threat. He owes the people of huge cities especially NCR to provide them with better vaccines. And shove Sinovac in Davao, since ginusto ni Digong and his cronies to buy Sinovac instead of Pfizer.","favorite_count":66,"retweet_count":4,"created_at":1621835258000,"location":"Cebu City, Central Visayas"}
{"tweet_id":1396698352985665538,"user_username":"ceebee_em","text":"@RenHu2 @jvcious Shameless si Go at lahat ng kaalyado ni Digong. They know their supporters either don\u2019t understand a Senator\u2019s job or couldn\u2019t care less what happens on the Senate floor. Rappler came out with a info graph on a Senator\u2019s job. Sana @abscbn does the same during the campaign period.","favorite_count":18,"retweet_count":6,"created_at":1621833811000,"location":"Singapore"}
{"tweet_id":1396671531711819776,"user_username":"agnosticagain","text":"8yrs of Gloaria and Noynoy while 4 years of Digong. San dinadala ang pera dati? That\u2019s 20x higher remitted to the national treasury in the last 4 years. https:\/\/t.co\/dkZR4mVyEH","favorite_count":0,"retweet_count":0,"created_at":1621827416000,"location":"Mandaluyong City"}
{"tweet_id":1396533022489550849,"user_username":"drealZoro","text":"@luminoustrix Any leader that can\u2019t stand on his own like Duterte did would likely be defeated by his own trusted people. As Digong said, he\u2019s been sailing a lonely sea when he started his presidency. \ud83d\udc4a","favorite_count":1,"retweet_count":0,"created_at":1621794393000,"location":""}
{"tweet_id":1396518066821861377,"user_username":"RussianPearv","text":"Digong\/Duque variant which has plagued this country since 2016 https:\/\/t.co\/4pG8OPJMyD","favorite_count":2,"retweet_count":0,"created_at":1621790827000,"location":"Liyue"}
{"tweet_id":1396511416199176193,"user_username":"jhov86760116","text":"@inquirerdotnet We should be thankful for these two powerful men Tatay Digong and JPE for sharing their knowledge into the world politics","favorite_count":0,"retweet_count":0,"created_at":1621789242000,"location":""}
{"tweet_id":1396506764783226888,"user_username":"ClauDin79997697","text":"@inquirerdotnet Thank you Tatay Digong and open input to all of us we are ready. Salamat Apo Enrile for giving us clear explanation about the  situation God bless","favorite_count":0,"retweet_count":0,"created_at":1621788133000,"location":""}
{"tweet_id":1396504009049968645,"user_username":"MaeSalvana1","text":"@inquirerdotnet Cheer Up JPE! Don't let Us Down. We know you can do it. Help our tatay digong! :)","favorite_count":0,"retweet_count":0,"created_at":1621787476000,"location":""}
{"tweet_id":1396489435668127747,"user_username":"Clim8ChangeWar","text":"It cannot be worse than Digong\u2019s shd we be unlucky enough... https:\/\/t.co\/DwGMIzTh2O","favorite_count":1,"retweet_count":0,"created_at":1621784001000,"location":""}
{"tweet_id":1396477378625380353,"user_username":"Hannah56300198","text":"@inquirerdotnet We all support tatay digong and jpe\ud83d\ude0apositive lang po tayo sa kanila because they are doing what is right","favorite_count":0,"retweet_count":0,"created_at":1621781127000,"location":""}
{"tweet_id":1396466675743002629,"user_username":"condreeh","text":"@inquirerdotnet were proud of having you JPE and tatay digong","favorite_count":0,"retweet_count":0,"created_at":1621778575000,"location":"Tagoloan, Northern Mindanao"}
{"tweet_id":1396465989282275332,"user_username":"Hannah56300198","text":"@inquirerdotnet TATAY DIGONG &amp; JPE ARE GREAT LEADERS","favorite_count":0,"retweet_count":0,"created_at":1621778411000,"location":""}
{"tweet_id":1396450641107582979,"user_username":"Hannah56300198","text":"@inquirerdotnet Jpe did many things to help the philippines \ud83d\udcaa\ud83d\udcaa SOLID JPE AND Pres. digong","favorite_count":0,"retweet_count":0,"created_at":1621774752000,"location":""}
{"tweet_id":1396447479726444549,"user_username":"Hannah56300198","text":"@inquirerdotnet Enrile and digong both helped the Philippines improved  in their time.","favorite_count":0,"retweet_count":0,"created_at":1621773998000,"location":""}
{"tweet_id":1396445067112452097,"user_username":"rainbow06406065","text":"Pls let us unite against this Regime of Lies &amp; Treachery. Robredo &amp; Trillanes is the best tandem. Trillanes looks very strict but like Robredo, he is the person whom Digong failed to destroy even with his insults &amp; false accusations. See Digong? \u201cyou can\u2019t put a good man down\u201d! https:\/\/t.co\/Ckhht7QgCB","favorite_count":8,"retweet_count":1,"created_at":1621773423000,"location":""}
{"tweet_id":1396440256866504706,"user_username":"Malaginoo_KK","text":"digong duterte (s)(u)pporter(s) https:\/\/t.co\/wgN7JhXXjl https:\/\/t.co\/AoEb96B1DM","favorite_count":5,"retweet_count":1,"created_at":1621772276000,"location":"kung tawaging \"Filipinas\""}
{"tweet_id":1396428269461721089,"user_username":"ManuelPSev","text":"@LakasNgTimog During our team\u2019s TB activity in Davao, we were mesmerized by the sheer discipline of Davaoe\u00f1os bec of Digong. That was in late 2000s. Then in early 2010s, in a congressional hearing he said \u201cthe prob w us politicians is we talk too much but do so little\u201d. There, Presidentiable..","favorite_count":11,"retweet_count":0,"created_at":1621769418000,"location":"Manila"}
{"tweet_id":1396426532810199043,"user_username":"aaaybaan","text":"Fuck CHED, Fuck PH Gov't, Fuck this Country, Fuck you Digong.","favorite_count":4,"retweet_count":0,"created_at":1621769004000,"location":"Philippines, Province of China"}
{"tweet_id":1396414955373531137,"user_username":"RickyLao3","text":"https:\/\/t.co\/gnNznCbLm3    Advise of Digong to Go https:\/\/t.co\/2A2JbXYs5d","favorite_count":0,"retweet_count":0,"created_at":1621766244000,"location":""}
{"tweet_id":1396413725167349765,"user_username":"artdeepau","text":"@euwriarts thank you bestie, i just came up with the idea becoz digong and dugong sounds the same\ud83d\ude2d\ud83d\ude2d","favorite_count":1,"retweet_count":0,"created_at":1621765950000,"location":"\ud83c\udff3\ufe0f\u200d\ud83c\udf08\ud83c\uddf5\ud83c\udded"}
{"tweet_id":1396395062267813894,"user_username":"starkverse","text":"@zryanverse Do's and Don't's ung concept.\n\nDo be like Leni\nDon't be like Digong\n\n\ud83d\ude02\ud83d\ude02\ud83d\ude02\ud83d\ude02","favorite_count":4,"retweet_count":0,"created_at":1621761501000,"location":"Flying Away From Earth Stat"}
{"tweet_id":1396375379992932354,"user_username":"artdeepau","text":"idk if dis is considered as a mermay entry but here it is:\n. \ndigong-dugong #mermay #artph #artistsontwitter #OUSTDUTERTENOW https:\/\/t.co\/OaS7GnEJm1","favorite_count":18,"retweet_count":7,"created_at":1621756808000,"location":"\ud83c\udff3\ufe0f\u200d\ud83c\udf08\ud83c\uddf5\ud83c\udded"}
{"tweet_id":1396327730396819459,"user_username":"RamonGo42903929","text":"I remember digong scolding the filipinos not to choose vaccines the day pfizer vaccines arrived. He caused the delivery of Pfizer vaccines to Davao city that day and distributed SINOVAC VACCINES to Manila, Nearby provinces BICOL and NEGROS.  Wag daw mamili pero sya PUMILI.","favorite_count":1,"retweet_count":0,"created_at":1621745448000,"location":""}
{"tweet_id":1396308636805201920,"user_username":"rainbow06406065","text":"Ok na  \ud83d\udc4d OK! The Winning Team! Ang Hindi Takot ki Digong plus Ang Kinatatakutan ni Digong! LORD we lift up to you Robredo &amp; Trillanes! Bless them LORD, For the sake of all Filipinos to be set free from all these Corruption, misery, injustice, death &amp; division among the people! https:\/\/t.co\/84uU4ZdQ27","favorite_count":18,"retweet_count":2,"created_at":1621740895000,"location":""}
{"tweet_id":1396306454521421828,"user_username":"BernieCadao","text":"@rene_twilight For several ASEAN summit , Digong has been trying to master the Code of Conduct but China objected it thru their allies countries like Vietnam, Laos, Myanmar...\n\nNow, what convention Carpio is talking??? Why he did not do it during Pnoy's time???","favorite_count":1,"retweet_count":0,"created_at":1621740375000,"location":"Oklahoma City, OK"}
{"tweet_id":1396305261816549376,"user_username":"BernieCadao","text":"@8heartsandroses @NileSneel @noynoyaquino @lenirobredo It's not wrong to help whatever issue the government is facing.\n\nBut Digong on WPS issue is definitely wrong!!!","favorite_count":0,"retweet_count":0,"created_at":1621740091000,"location":"Oklahoma City, OK"}
{"tweet_id":1396305124125941760,"user_username":"MerleJohnRichrd","text":"@joelzobel For the  Difference between Aquino admin  and Digong Admin Lets see and open your Big eyes mga dilawan https:\/\/t.co\/wrQz9EAdc7","favorite_count":0,"retweet_count":0,"created_at":1621740058000,"location":"Makati City, National Capital "}
{"tweet_id":1396301226489225226,"user_username":"BernieCadao","text":"@pinoyanghang It's not politics but how she projects her roles in the government as VP...\n\nFrom the start, she has been political and critical to Digong.","favorite_count":0,"retweet_count":0,"created_at":1621739129000,"location":"Oklahoma City, OK"}
{"tweet_id":1396300970724782080,"user_username":"BernieCadao","text":"@ilda_talk It's not politics but how she projects her roles in the government as VP...\n\nFrom the start, she has been political and critical to Digong.","favorite_count":0,"retweet_count":0,"created_at":1621739068000,"location":"Oklahoma City, OK"}
{"tweet_id":1396297790309822465,"user_username":"Ramoncesarcuev4","text":"@jabjimenez False patriot Jimenez ,what is being bandied about is the bidding irregularity of Comelec with dubious award winner Smartmatic.when a much lower bid was surpassed! N way you are terminated before the elections \u201822,as said by Digong not to reappoint you.","favorite_count":1,"retweet_count":0,"created_at":1621738309000,"location":"Orion, Rehiyon ng Gitnang Luzon"}
{"tweet_id":1396296298425323520,"user_username":"1agrohomes","text":"@gibbygorres Mine is one of Digong's minions steals next year's election.","favorite_count":1,"retweet_count":0,"created_at":1621737954000,"location":"Las Pi\u00f1as"}
{"tweet_id":1396282337428746241,"user_username":"sibalzikya","text":"@zurcyob417 @talk2GLOBE @enjoyGLOBE @DITOphofficial Dis is not true! @DITOphofficial is NOT in any way have the power to do dat. After digong tae na yan sa @enjoyGLOBE &amp; @LiveSmart","favorite_count":0,"retweet_count":0,"created_at":1621734625000,"location":""}
{"tweet_id":1396276444452503552,"user_username":"Supercrusty1","text":"@LakasNgTimog This video made me solidify my support to Tatay Digong..no other president made me cried while watching this..he\u2019s true &amp; genuine love to all Pilipinos\u2764\ufe0f\u2764\ufe0f\u2764\ufe0fctto https:\/\/t.co\/GeZL6KYQT1","favorite_count":51,"retweet_count":10,"created_at":1621733220000,"location":"Cavite\/Tondo\/Malabon"}
{"tweet_id":1396259457236029445,"user_username":"SongbirdARI","text":"@chartdata @Olivia_Rodrigo BTS couldnt breath with Olivia Digong","favorite_count":0,"retweet_count":0,"created_at":1621729170000,"location":""}
{"tweet_id":1396249324783161345,"user_username":"IranzoNantes","text":"@rapplerdotcom Didn\u2019t Digong once said to the poor, \u201c Mahirap kayo? P\u2026ng I.a, magtiis kayo sa hirap at gutom, wala akong pakialam\u201d! He is now going to use the Pfizer vaccines to get their support for the next election. Do not be fooled again by the psychopath from Davao.","favorite_count":0,"retweet_count":0,"created_at":1621726754000,"location":"National Capital Region, Republic of the Philippines"}
{"tweet_id":1396185972618895362,"user_username":"kolsenerboi","text":"I do not have the patience of interacting on Twitter users who think that:\n- Sen Tri is better than Digong\n- Those who don\u2019t support the ex senator as Duterte supporters.\nHiyang hiya naman kami sa inyo.\nWill unfollow and block people who think that way. Not sorry.","favorite_count":6,"retweet_count":0,"created_at":1621711650000,"location":"Republic of the Philippines"}
{"tweet_id":1396136219080155141,"user_username":"callmetuptim","text":"@inquirerdotnet Walk the talk Mr Digong.","favorite_count":1,"retweet_count":0,"created_at":1621699788000,"location":""}
{"tweet_id":1396125617561636866,"user_username":"ORANGEMARlNA","text":"@PlebGrandPrix omg tatay digong national sports fund me \ud83d\ude1c","favorite_count":1,"retweet_count":0,"created_at":1621697260000,"location":"\ud83c\uddf5\ud83c\udded piastri zhou sv5 dr3"}
{"tweet_id":1396113659852582917,"user_username":"lookin4waldo5","text":"@Tikoymanstur @MiaMagdalena @inquirerdotnet @DYGalvezINQ Leni advocated vaccine and its system already - registered, went to and had the jab in a public center, had one which is FDA approved and among those offered to public; digong had his secretly, chose non-FDA approved and not among those publicly offered","favorite_count":1,"retweet_count":0,"created_at":1621694409000,"location":""}
{"tweet_id":1396113061245644802,"user_username":"lookin4waldo5","text":"@inquirerdotnet @DYGalvezINQ digong on the other hand had his initial dose secretly from the public, and was choosy (contrary to his appeal from the public) of the vaccine he got saying it is his body\/health, and picked a non-FDA approved vaccine, not among those offered to the public","favorite_count":0,"retweet_count":0,"created_at":1621694266000,"location":""}
{"tweet_id":1396085951479226370,"user_username":"DanariesA","text":"@datumx11 Do not go far, si Digong nga bakambibig Sinovac pero gusto niya Sinopharm. Davao will be given preferential attention and the cold storage facility an excuse much like when it was alloted over a billion pesos for its unti-insurgency, safe na raw dba?","favorite_count":0,"retweet_count":0,"created_at":1621687803000,"location":""}
{"tweet_id":1396058592948604928,"user_username":"RanhilioAquino","text":"When Digong saw to it that the AbsCbn franchise would not be renewed,  when Lumad schools were closed and groups red- tagged,  his opponents bewailed the demise of democracy.","favorite_count":4,"retweet_count":0,"created_at":1621681280000,"location":"Tuguegarao City"}
{"tweet_id":1396002933540417539,"user_username":"spy_digong","text":"Alaws aim\ud83e\udd26","favorite_count":0,"retweet_count":0,"created_at":1621668010000,"location":""}
{"tweet_id":1396002010822971396,"user_username":"zaldytor","text":"We need legal 'patriotic' minds not puppet for China to convinced that WPS isn't worth fighting for.\n\nErap, Gloria are just Digong's diversionary tactic to condition public opinions on WPS. \n\nGloria, Erap agree to meet Duterte on West Philippine Sea issues\nhttps:\/\/t.co\/KvhRzu74qY","favorite_count":6,"retweet_count":3,"created_at":1621667790000,"location":""}
{"tweet_id":1395965459879452675,"user_username":"ralphwaldomc","text":"Done bathing the dogs. Time to listen to Olivia Digong.","favorite_count":2,"retweet_count":0,"created_at":1621659076000,"location":"The Universe, Rather"}
{"tweet_id":1395957590215991297,"user_username":"n4qpu","text":"@KoigoesB Not gonna happen in Digong's time, and this must be continued for a long time to maintain peace between warring countries","favorite_count":1,"retweet_count":0,"created_at":1621657199000,"location":""}
{"tweet_id":1395917886485454849,"user_username":"sevillathom1","text":"The #buildbuildbuild King....correct me if I'm wrong I think Mayor Digong is on a par or yet more than Marcose's infrastructure projects ... https:\/\/t.co\/dHLmyOK75S","favorite_count":0,"retweet_count":0,"created_at":1621647733000,"location":"Cebu City, Philippines"}
{"tweet_id":1395876130859540480,"user_username":"Bluenun531","text":"@wengsalvacion @gmanews Go isn\u2019t ready for anything. He\u2019s only ready willing and able to be a certified ALALAY to Digong and that\u2019s his expertise","favorite_count":0,"retweet_count":0,"created_at":1621637778000,"location":"Pasig City, National Capital Region"}
{"tweet_id":1395683341479792646,"user_username":"10nisjunkie","text":"@inquirerdotnet @DYGalvezINQ They should ask first whether she's agreeable to do an infomercial with Digong. Huwag namang pangunahan.","favorite_count":0,"retweet_count":0,"created_at":1621591813000,"location":""}
{"tweet_id":1395672017261633543,"user_username":"starkverse","text":"Oo so Digong ung DON'T - non fda illegally smuggled vaccine\n\nTas si Leni ung DO - registered, lined up and got vaccinated sa DOH designated vaccine center\n\nSakto nga yan https:\/\/t.co\/ediskVHlRG","favorite_count":1,"retweet_count":0,"created_at":1621589113000,"location":"Flying Away From Earth Stat"}
{"tweet_id":1395638810499637252,"user_username":"LambertPablo1","text":"Digong most likely https:\/\/t.co\/uhSx7vDmhp","favorite_count":0,"retweet_count":0,"created_at":1621581196000,"location":"National Capital Region, PH"}
{"tweet_id":1395636837062828033,"user_username":"tribunephl","text":"Malaca\u00f1ang on Friday thumbed down the proposed vaccination infomercial that would feature President Rodrigo Duterte and Vice President Leni Robredo endorsing all vaccines.\n\nhttps:\/\/t.co\/796D4QGZJy","favorite_count":1,"retweet_count":1,"created_at":1621580726000,"location":"Makati City"}
{"tweet_id":1395627969486467072,"user_username":"OpinYonNews","text":"From Digong orders fast-tracking of vaccination program to President won\u2019t compromise PH sovereignty. Check out what Panelo said...\n#vaccines #sovereignty #OpinYon #WeTakeAStand\u00a0 \n\nhttps:\/\/t.co\/5UcaxMx0uC","favorite_count":0,"retweet_count":0,"created_at":1621578612000,"location":""}
{"tweet_id":1395622778330509312,"user_username":"tolits06604172","text":"@manilabulletin No need for Leni, just a shout out from Digong to his 97% fanatics, automatic herd immunity agad.","favorite_count":0,"retweet_count":0,"created_at":1621577374000,"location":""}
{"tweet_id":1395616429332787203,"user_username":"HinolanYu","text":"Why only russia &amp; china believe that digong responds correctly re COVID 19 WHILE THE REST OF THE WORLD SAY OTHERWISE?","favorite_count":0,"retweet_count":0,"created_at":1621575860000,"location":"Rep\u00fablica de Filipinas"}
{"tweet_id":1395610097087246344,"user_username":"HonestLilVixen","text":"@CarlosAMMags @marortoll She refused to disclose what happened to the monetary donations. Porke daw ba kasi babae siya hinihingan siya report about that tapos si Digong ayaw ilabas ang SALN \ud83d\ude02 She really thought that people would buy that \ud83d\ude13","favorite_count":0,"retweet_count":0,"created_at":1621574350000,"location":""}
{"tweet_id":1395602253701021701,"user_username":"shydeeeeer","text":"@boochanco Man, friendship is built with trust not with words. Tatay Digong certainly delivered for them. I don't think that the friendship between the two is near its end. Help for 2022 is still needed. Also, it is just one of the many jokes of Tatay Digong, just like his jetski line. \ud83d\udc4a\ud83d\udca9","favorite_count":0,"retweet_count":0,"created_at":1621572480000,"location":"PILIPINAS"}
{"tweet_id":1395585558659825669,"user_username":"OustABadBoyDown","text":"Dunno if it's just me but ith kinda symbolic as to what kinds of ways this govt would go through to protect wanted Chinese people, rather than protecting its own people. If it means changing nationality, then I bet hell yes Digong would help his Chinese criminal friends lol lol","favorite_count":0,"retweet_count":0,"created_at":1621568500000,"location":""}
{"tweet_id":1395582146299957248,"user_username":"HRonlinePH","text":"[Right-Up] Digong and Johnny, Classic Leviathans | Norman\u00a0Novio https:\/\/t.co\/AV3G0RUjVA","favorite_count":1,"retweet_count":0,"created_at":1621567686000,"location":"Philippines"}
{"tweet_id":1395576799166275584,"user_username":"RickyLao3","text":"https:\/\/t.co\/gnNznCbLm3       The statement of Digong that our arbitral win against China on WPS is a piece of paper and needs to be thrown in waste basket is DANGEROUS https:\/\/t.co\/yHOm8oPBhw","favorite_count":0,"retweet_count":0,"created_at":1621566412000,"location":""}
{"tweet_id":1395576437575274502,"user_username":"zaldytor","text":"@Dusa2Me The flags decoration in him isn't a true reflection of Patriotism but the dynasty of Digong's loyalist.","favorite_count":2,"retweet_count":1,"created_at":1621566325000,"location":""}
{"tweet_id":1395573094807310336,"user_username":"MyOtherNam","text":"@gmanews If only digong acted as diligent good father of the family, inferior sinovac is unacceptable having other better choices. Kickvac lang ang dahilan pinagpilitan eto para sa commission.","favorite_count":0,"retweet_count":0,"created_at":1621565528000,"location":"National Capital Region, Repub"}
{"tweet_id":1395567801092304899,"user_username":"molavefinds","text":"@AlisonPereiraPH @PHPrimeMinister I think the looney plum prize goes to senator V for suggesting #AlingLeni &amp; DU30 do a #VaccineAgnostic infomercial together. Do these f*ckhard dilawans even think Digong will  acquiesce to such nefarious media optics baiting by piggybacking on Duterte's brand? https:\/\/t.co\/0uulnKjRkK","favorite_count":0,"retweet_count":0,"created_at":1621564266000,"location":"Makati CBD 1226"}
{"tweet_id":1395556528946548740,"user_username":"ris92","text":"@CallMeSloane True! I learned a lot from him. Vocabulary. History. The art of war. Compassion. Patriotism. Galing galing ni Tatay Digong!","favorite_count":2,"retweet_count":0,"created_at":1621561579000,"location":""}
{"tweet_id":1395540157009260547,"user_username":"1agrohomes","text":"@iamtix95 Thanks. Also, avoid reading about Digong's antics or else your bp will soar through the roof.","favorite_count":5,"retweet_count":0,"created_at":1621557675000,"location":"Las Pi\u00f1as"}
{"tweet_id":1395433251477524483,"user_username":"B_Lessi","text":"Piano is some sort of a digong that went to private school and it thinks it\u2019s boujee but it stays in the ghetto","favorite_count":0,"retweet_count":0,"created_at":1621532187000,"location":"Windhoek | Nelspruit | Harare "}
{"tweet_id":1395413031497048064,"user_username":"krizzy_kalerqui","text":"Senate is a house of debates, questioning, and interpellations. Digong\u2019s yaya feels he\u2019s untouchable, yet he can\u2019t defend himself in a plenary of wits and reasoning. \ud83d\ude44\n\nThis is such a satisfying read. Show us the video! \ud83e\udd23 https:\/\/t.co\/yn60Q6Mfrz","favorite_count":115,"retweet_count":21,"created_at":1621527366000,"location":"Manila, Philippines"}
{"tweet_id":1395392560906919936,"user_username":"FELIXJRSANBUEN1","text":"STUFID IDIOTIC FOOLS BUT WHAT ABOUT CLOSED FIST OF DIGONG LOOK BUT COMMUNIST CHINA SUBSERVIENT FOOLS INSTEAD, AS WELL! https:\/\/t.co\/ZsFCOt5ASH","favorite_count":1,"retweet_count":0,"created_at":1621522486000,"location":""}
{"tweet_id":1395352070052450314,"user_username":"gumbyrasp","text":"@inquirerdotnet He\u2019s just living up to his old campaign promise that goes, \u201cGusto ko happy ka!\u201d Haping-hapi nga si digong.","favorite_count":0,"retweet_count":0,"created_at":1621512832000,"location":""}
{"tweet_id":1395342923059765248,"user_username":"JDWNSUN","text":"@IanneBebo2017 I\u2019ve never defended any President the way I defend respect Tatay Digong. He\u2019s by far the best President of our country I had the opportunity to witness. The other was FM. \ud83c\uddf5\ud83c\udded\ud83d\udc4a\ud83c\udffb\ud83d\udc4a\ud83c\udffb\ud83d\udc4a\ud83c\udffb\ud83d\udc4a\ud83c\udffb","favorite_count":2,"retweet_count":1,"created_at":1621510651000,"location":""}
{"tweet_id":1395322415220019203,"user_username":"easuguitan","text":"Knowing how packed with digong loyalists the House is, I'm worried. https:\/\/t.co\/wExIfzX8QB","favorite_count":2,"retweet_count":0,"created_at":1621505762000,"location":"atot "}
{"tweet_id":1395320803143536645,"user_username":"rainbow06406065","text":"Digong is the scourge of the Filipino people from 2016 until2022. All this Regime has done is inflict division among Filipinos, make life miserable for the poor people, kill the youth &amp; the innocent, protect his team of liars, killers, thieves, accusers &amp; originator of fake news. https:\/\/t.co\/4f4xOVWT6v","favorite_count":0,"retweet_count":0,"created_at":1621505377000,"location":""}
{"tweet_id":1395300397154062339,"user_username":"ManuelPSev","text":"@TheDoctorLuck @edgarray97 And these are free. Digong is right. We don\u2019t get to choose if we\u2019re not paying for it directly. Yes taxpayers money but this is a pandemic. Wag choosy\u2026","favorite_count":5,"retweet_count":0,"created_at":1621500512000,"location":"Manila"}
{"tweet_id":1395299620369035265,"user_username":"junepineda8","text":"@lcmlaw_ph Want to witness a persons real attitude,give him(digong)money and power","favorite_count":2,"retweet_count":0,"created_at":1621500327000,"location":"National Capital Region, Repub"}
{"tweet_id":1395282186144677892,"user_username":"Nico_CAN_DO","text":"@manilabulletin If the other late Presidents and constitutionalists were alive, Digong would have on this meeting Apo Marcos, Arturo Tolentino, Jovy Salonga, Joaquin Bernas, Miriam Santiago, and other former Chief Justices.","favorite_count":2,"retweet_count":0,"created_at":1621496170000,"location":"Philippines"}
{"tweet_id":1395280100535390210,"user_username":"rjpajaron","text":"@mlq3 Transperancy, openness, choice. What is harder? Why foster dishonesty? Digong and. Company got Vax throu dirty channel. They themselves are stupid of company.","favorite_count":1,"retweet_count":0,"created_at":1621495673000,"location":""}
{"tweet_id":1395257742399447041,"user_username":"BjornLegazpi","text":"Pfizer is proof of Duterte's blunder after blunder.\n\nDigong wanted to force Sinovac on Filipinos, and now even gags LGUs from revealing their vaccine's brand.\n\nWhat we have now is not vaccine, but Sinovac hesistancy. You reap what you sow.\n#DutertePalpak https:\/\/t.co\/6Xotqqz6wm","favorite_count":0,"retweet_count":0,"created_at":1621490343000,"location":""}
{"tweet_id":1395232669223378947,"user_username":"zaldytor","text":"Will Digong be able to grasp the understanding that EEZ is part of our serious food security? https:\/\/t.co\/8J6CJbQrAS","favorite_count":9,"retweet_count":4,"created_at":1621484365000,"location":""}
{"tweet_id":1395214199026900993,"user_username":"RickyLao3","text":"https:\/\/t.co\/gnNznCbLm3    Difference between Pinoy and Digong https:\/\/t.co\/fLsQfoQhJr","favorite_count":0,"retweet_count":0,"created_at":1621479961000,"location":""}
{"tweet_id":1395206269938683907,"user_username":"buzzlightyear58","text":"Pooh knows that Digong is very dependable, indeed!\n\nPhilippines' Duterte issues gag order over South China Sea https:\/\/t.co\/g1E5SwDWDM","favorite_count":0,"retweet_count":0,"created_at":1621478071000,"location":"USA"}
{"tweet_id":1395203959124492289,"user_username":"tolits06604172","text":"@rapplerdotcom Digong left the chat \ud83d\udc22","favorite_count":2,"retweet_count":0,"created_at":1621477520000,"location":""}
{"tweet_id":1395198202765213699,"user_username":"CallMeSloane","text":"@k3lv1nNcelcius With disapproval or distrust : scornfully Manny eyed Tatay Digong askance. Many critics like Pacquioa have looked askance at the proposal of President Duterte regarding the WPS\ud83e\udd2d\ud83d\ude05\ud83d\ude05 ang sarap gamitin yung askance vocabulary ni Tatay Digong\ud83d\ude05\ud83d\ude05\ud83d\udc4a\ud83d\udc4a","favorite_count":5,"retweet_count":1,"created_at":1621476147000,"location":""}
{"tweet_id":1395195684131786752,"user_username":"isleGirl31","text":"Digong and Manong Johnny.\ud83d\udc4c #QuidProQuo https:\/\/t.co\/sDXZmUd4PZ","favorite_count":2,"retweet_count":0,"created_at":1621475547000,"location":"Republic of the Philippines"}
{"tweet_id":1395183004000034817,"user_username":"CallMeSloane","text":"I noticed President Duterte's vocabulary is truly exemplary,\nAnother one for my collection. Nary, faux pas, brouhaha, bravado and now askance.These are words I've learned from reading Mills and Boon. I've never heard anyone speak these words, just Tatay Digong \ud83e\udd70\ud83d\udc4a\ud83d\udc4a","favorite_count":354,"retweet_count":41,"created_at":1621472524000,"location":""}
{"tweet_id":1395172829021229063,"user_username":"Arch_MarJoel","text":"Sick of this narrative: If you don\u2019t support digong then don\u2019t use his bbb projects.      Hmmmm. Can this be equated to: if you criticize past admin then don\u2019t use their X projects. We don\u2019t owe them the money used in ths projects. They are Filipinos\u2019 taxes working for everyone.","favorite_count":0,"retweet_count":0,"created_at":1621470098000,"location":"Calapan City, Mimaropa"}
