{"tweet_id":1396003032735780868,"user_username":"RiclamigoB","text":"@9DashLine Du30 like chinapuppet.","favorite_count":0,"retweet_count":0,"created_at":1621668034000,"location":""}
{"tweet_id":1396000952474243081,"user_username":"M19Manny","text":"@MackinleyZamora Address that to your China inutil du30.","favorite_count":0,"retweet_count":0,"created_at":1621667538000,"location":""}
{"tweet_id":1395972460122624000,"user_username":"keetbee","text":"Other countries are rolling back masking and du30 admin still out here pretending face shields are important","favorite_count":0,"retweet_count":0,"created_at":1621660745000,"location":"\ud83c\uddf5\ud83c\udded to \ud83c\uddfa\ud83c\uddf8, unfortunately"}
{"tweet_id":1395971149582913538,"user_username":"ProfHeist","text":"@PhilstarNews Solgen is trying so hard doing the dirty jobs for Du30 and his allies. Using his power\/position  to disregard the law. Wasting every cents of tax payer's money in his quest for stupidity. https:\/\/t.co\/NqEHVcj5dc","favorite_count":3,"retweet_count":1,"created_at":1621660432000,"location":"\ud83c\uddfa\ud83c\uddf8 \/ \ud83c\udde8\ud83c\udde6"}
{"tweet_id":1395940812962160642,"user_username":"joem2019","text":"They are the ones whom Du30 called STUPIDS. https:\/\/t.co\/AWHVUKU6OQ","favorite_count":0,"retweet_count":0,"created_at":1621653199000,"location":"Jolo, Philippines"}
{"tweet_id":1395936860531269633,"user_username":"InfluencerBotPH","text":"Top 6 reasons to eat amazing food in Japan while Du30 annihilates everyone!","favorite_count":0,"retweet_count":0,"created_at":1621652257000,"location":"Far from reality"}
{"tweet_id":1395934871533412355,"user_username":"catlixxie","text":"@yongbokiieee DU30 THE WORST","favorite_count":0,"retweet_count":0,"created_at":1621651783000,"location":"+63; rn,md"}
{"tweet_id":1395933107056873472,"user_username":"jayjayferro","text":"@pinaysipatricia Yes, same as DU30 presidency but more incoherent.","favorite_count":2,"retweet_count":0,"created_at":1621651362000,"location":"Philippines"}
{"tweet_id":1395930962337226757,"user_username":"lumvne","text":"@N0ELLE4LIFE so true bff normalize blaming everything on du30 &amp; mga dds\u203c\ufe0f","favorite_count":1,"retweet_count":0,"created_at":1621650851000,"location":"she\/they"}
{"tweet_id":1395925132179238918,"user_username":"saintrichard","text":"To other countries, which are being ruled by sensible leaders, covid is really a serious problem and treath......in the Philippines, covid to government officials is KUMIKITANG KABUHAYAN!\n\n#duque, the goose that lays golden eggs for DU30! https:\/\/t.co\/cDonyHafT1","favorite_count":0,"retweet_count":0,"created_at":1621649461000,"location":"Philippines"}
{"tweet_id":1395914555918745603,"user_username":"RDA47338427","text":"@FaRowena Tama pala talaga yong sabi ni DU30 na he would rather see his allies get rich.\ud83e\udd14","favorite_count":5,"retweet_count":0,"created_at":1621646939000,"location":"Manila"}
{"tweet_id":1395909428625481733,"user_username":"donde07","text":"@Reyna_elena that's nonsensical and preposterous post. It may encourage more tsismosos and tsismosas to exacerbate what has jim been through. I know it was his deliberate own and could be interpreted as Karma for doing the constant blitzkrieg against the Pres Du30. Buti nga https:\/\/t.co\/HueETvb7Aj","favorite_count":0,"retweet_count":0,"created_at":1621645717000,"location":"New York City, NY, USA"}
{"tweet_id":1395899340116226048,"user_username":"saintrichard","text":"DU30's blasphemy \"Your God is STUPID!\" https:\/\/t.co\/p3ZusD3292","favorite_count":0,"retweet_count":0,"created_at":1621643311000,"location":"Philippines"}
{"tweet_id":1395883312774717441,"user_username":"Aug212091701","text":"@gmanews DU30 should specifically direct his statement to China.","favorite_count":1,"retweet_count":0,"created_at":1621639490000,"location":""}
{"tweet_id":1395877040235024384,"user_username":"lcmlaw_ph","text":"Yu, always state the relevant link references in your posts to verify your allegations, if you want them to be credible. Do not make general allegations without verifiable proofs. Otherwise, wala kang pinagkaiba sa mga Du30 spin doctors pushing Sinovac to a distrusting nation. https:\/\/t.co\/fFLVP0XiYj","favorite_count":2,"retweet_count":1,"created_at":1621637995000,"location":"Las Pinas City, National Capit"}
{"tweet_id":1395862451116142594,"user_username":"renedelros","text":"@isabelmerana ... and they don't trust anything that Duque, Roque, or Du30 says. Take them away and the people will come in their ways.\nP.S. People trust Angel Locsin and APNon more than them","favorite_count":2,"retweet_count":0,"created_at":1621634516000,"location":""}
{"tweet_id":1395810533496946689,"user_username":"Princes63365953","text":"That's a lie. Carpio can't even debate Roque, what more pa if so DU30 na. Jusko. https:\/\/t.co\/LUBZZMHKaw","favorite_count":1,"retweet_count":0,"created_at":1621622138000,"location":""}
{"tweet_id":1395792495875825664,"user_username":"serialsleepless","text":"youtube suggested this video of a foreigner touring inside the UST campus and i suddenly miss the place and my friends!! blaming du30 for this current situation \ud83d\ude12","favorite_count":1,"retweet_count":0,"created_at":1621617838000,"location":"she\/they \u2022 19"}
{"tweet_id":1395786260258508805,"user_username":"gothiimei","text":"my relatives talking abt how much they hate corrupt politicians but still support DU30 is just.. \ud83d\ude37\ud83d\ude37\ud83d\ude37","favorite_count":1,"retweet_count":0,"created_at":1621616351000,"location":"they\/them | gae nd a minor"}
{"tweet_id":1395771521562550272,"user_username":"chris_d_admirer","text":"@isabelmerana This is how he's easily destroyed. He's no Du30. He only won bec his master spoke for him and he just needed to look good in front of the cameras. Presidential race won't be a cake walk. A Du30 style might not even be enough now.\n\nhttps:\/\/t.co\/rZCmYoQhzh","favorite_count":1,"retweet_count":0,"created_at":1621612837000,"location":""}
{"tweet_id":1395768742060052483,"user_username":"pjmjjkfairyz","text":"i despise people who defend du30","favorite_count":0,"retweet_count":0,"created_at":1621612174000,"location":"bts bp txt itzy enha twice"}
{"tweet_id":1395747442482577412,"user_username":"ycpizzaplease","text":"I used to have one but du30 happened https:\/\/t.co\/w2kSIzA6QY","favorite_count":4,"retweet_count":1,"created_at":1621607096000,"location":"Earth"}
{"tweet_id":1395739676233781251,"user_username":"DexterFigueroa6","text":"@MashaMasha2022 A lawyer and a former DOJ Sec. Sen. Drilon versus the out of nowhere senator! I think Sen. Bong is now our new president, he is more powerful than DU30 and the rest of the DU30 family!","favorite_count":0,"retweet_count":0,"created_at":1621605245000,"location":""}
{"tweet_id":1395739606893568008,"user_username":"jungkfud","text":"@pjnauseous @tigeratto one du30 is one too many","favorite_count":0,"retweet_count":0,"created_at":1621605228000,"location":"Phoenix, AZ"}
{"tweet_id":1395737391508324357,"user_username":"midzzyxmoa","text":"@_liaspotato omg,,,, get well soon my deAR PLSSSS and yes fuck du30 \ud83e\udd70","favorite_count":0,"retweet_count":0,"created_at":1621604700000,"location":"she\/her"}
{"tweet_id":1395725607086956544,"user_username":"_liaspotato","text":"hellooo besties i have covid so ill be a little ia til the symptoms ease \ud83d\ude2d\ud83d\ude2d\ud83d\ude2d pls wear ur masks !! and dont forget na tangina ni du30 \ud83d\udc97","favorite_count":33,"retweet_count":0,"created_at":1621601890000,"location":"s\/h | multi"}
{"tweet_id":1395722499317325828,"user_username":"ruhger","text":"@piaranada @rapplerdotcom BREAKING NEWS: Du30 calls on #China not to take advantage of Philippines \"in plain defiance of international law\" \ud83d\ude1c","favorite_count":0,"retweet_count":0,"created_at":1621601149000,"location":"Philippines"}
{"tweet_id":1395712980499587074,"user_username":"RolandR19327469","text":"The war begins. Mark this date May 5, 2021. The countdown for Du30 as a freeman commences. Du30 cannot dare touch Trillanes. There are still a sizeable no. of right thinking soldiers who are only waiting for the right cue to stage a coup to topple Du30 and his paid generals. https:\/\/t.co\/m2DpJjbnCS","favorite_count":12,"retweet_count":2,"created_at":1621598880000,"location":"Quezon City"}
{"tweet_id":1395709095433281542,"user_username":"kidestin3","text":"my dad cursing du30 is \ud83e\udd73\ud83e\udd19\ud83c\udffb","favorite_count":1,"retweet_count":0,"created_at":1621597954000,"location":"she \/ her \ud83c\udfc0"}
{"tweet_id":1395708469643079689,"user_username":"RolandR19327469","text":"A TYRANT TO THE CORE. Du30 orders not to disclose the brand of covid vaccine until inoculation is done. This is in flagrant violation of our basic rights. It's kinda like leading a heard of livestock to a slaughterhouse. Du30 must be doing this to accomodate Chinese brand vaccine","favorite_count":2,"retweet_count":0,"created_at":1621597804000,"location":"Quezon City"}
{"tweet_id":1395706432951963652,"user_username":"aybama","text":"@k_aletha Negative publicity against Du30 and red meat for the yellow zombies.  And they are people with money but still not yet in the list to be vaccinated.","favorite_count":6,"retweet_count":1,"created_at":1621597319000,"location":"Q.C."}
{"tweet_id":1395690163582345222,"user_username":"tribunephl","text":"Malaca\u00f1ang on Friday maintained that President Rodrigo Duterte is consistent in his position on the West Philippines Sea (WPS) amid criticisms over the government\u2019s varying stand on the issue.\n\nhttps:\/\/t.co\/n1Ggk1XfK2","favorite_count":5,"retweet_count":0,"created_at":1621593440000,"location":"Makati City"}
{"tweet_id":1395689892416409603,"user_username":"minayeoncart","text":"@jeongxcart mine trade with du30","favorite_count":0,"retweet_count":0,"created_at":1621593375000,"location":"she\/her"}
{"tweet_id":1395673383719694337,"user_username":"everandeverrome","text":"@DaylightArcher bc ppl want du30 to disappear wbk \ud83e\udd70","favorite_count":1,"retweet_count":0,"created_at":1621589439000,"location":"pluto; upd kem; chemchoc"}
{"tweet_id":1395672485182328841,"user_username":"RolandR19327469","text":"@isabelmerana I think some people have aversion to anything China for varied reasons. Some have old age perception that China products are generally inferior and unsafe. Some just don't want to be part of Chinese Vax due to its anomalous procurement. Some simply hates whatever Du30 ensorses.","favorite_count":2,"retweet_count":0,"created_at":1621589225000,"location":"Quezon City"}
{"tweet_id":1395665314180853760,"user_username":"RaPhi_34","text":"@kakiep83 This Du30 government is so palpak \ud83d\ude02\ud83d\ude02\ud83d\ude02\ud83d\ude02","favorite_count":7,"retweet_count":0,"created_at":1621587515000,"location":"Davao Region, Republic of the "}
{"tweet_id":1395665230236168195,"user_username":"InfluencerBotPH","text":"Top 42 shops to eat amazing food in Bali while Du30 annihilates everyone!","favorite_count":0,"retweet_count":0,"created_at":1621587495000,"location":"Far from reality"}
{"tweet_id":1395659866593579012,"user_username":"yjhstrawberry","text":"no i don\u2019t want to end my college life virtually. fck du30 kasalanan mo to","favorite_count":0,"retweet_count":0,"created_at":1621586216000,"location":"she\/her"}
{"tweet_id":1395659299020414977,"user_username":"molavefinds","text":"@Puppyjolo @pinoyanghang @loidasandiego77 @YesYesYo13 @TishaCM @ai_ceniza @Noel_Dolor @FierceTita @boymejo Duterte and Robredo better known as #AlingLugaw appearing together in a #COVID19 #VaxInfomercial is like diluting gold with lead. Dilawans think they can treat DU30 so easily cheaply. https:\/\/t.co\/lmODCsBPVn","favorite_count":5,"retweet_count":0,"created_at":1621586081000,"location":"Makati CBD 1226"}
{"tweet_id":1395635945903255552,"user_username":"H0NEYUUU","text":"re: the topic in my class rn...i remember representing the PH during my school's MUN in 2019 and i had to defend du30's HR violations by shifting the attention to the newly proposed SOGIE bill and universal healthcare act alksjdioasd","favorite_count":1,"retweet_count":0,"created_at":1621580513000,"location":"kpop, anime, genshin | \u2652\ufe0f"}
{"tweet_id":1395624913780625408,"user_username":"everandeverrome","text":"@folkloreslaps JAIL FOR DU30 WBK \ud83d\udc97","favorite_count":0,"retweet_count":0,"created_at":1621577883000,"location":"pluto; upd kem; chemchoc"}
{"tweet_id":1395624790891790336,"user_username":"SnowflakesRacer","text":"@Ramstep @ABSCBNNews And he's someone du30 called as \"Hinog na for Pres.\" !!\nEh bakit BULOK!  :D","favorite_count":6,"retweet_count":0,"created_at":1621577854000,"location":"Cavite"}
{"tweet_id":1395623204043984896,"user_username":"SnowflakesRacer","text":"@Jimparedes @ABSCBNNews @SAPBongGo might've forgotten he's in the senate, and not in du30's power haven -- the davao city hall !!","favorite_count":3,"retweet_count":0,"created_at":1621577475000,"location":"Cavite"}
{"tweet_id":1395619853944377345,"user_username":"InfluencerBotPH","text":"Top 30 experiences to eat amazing food in Thailand while Du30 annihilates everyone!","favorite_count":0,"retweet_count":0,"created_at":1621576677000,"location":"Far from reality"}
{"tweet_id":1395610277090009088,"user_username":"AJ_Ian_Cones","text":"Here is the regional breakdown. (Du30 -&gt; Pres, BBM Leni -&gt; VPres) https:\/\/t.co\/69JEfV17YT","favorite_count":1,"retweet_count":0,"created_at":1621574393000,"location":"Philippines"}
{"tweet_id":1395610130046140422,"user_username":"Hidekister","text":"I can give you the best validation in the world by saying, \"Your tite is valid.\" \n\nPs: except kay du30 \ud83e\udd2e ung tite nun nag jetski na sa pwet ni Xi","favorite_count":10,"retweet_count":1,"created_at":1621574358000,"location":"Pasay City, National Capital R"}
{"tweet_id":1395604464933826561,"user_username":"AJ_Ian_Cones","text":"2016 numbers match-up between Rodrigo Duterte and Bongbong Marcos; Rodrigo Duterte and Leni Robredo\nPop Vote\nDu30 vs BBM 53.8%-46.2\n(Regional map not provincial) https:\/\/t.co\/vnmxFOLlHN","favorite_count":1,"retweet_count":0,"created_at":1621573008000,"location":"Philippines"}
{"tweet_id":1395603060269805569,"user_username":"GilasKayuman","text":"@BuitreNicolas Yes. Except GMA got out a month just after DU30 sworn in.\nShe's believed to be the main sponsor (4B) of Duts candidacy.","favorite_count":3,"retweet_count":0,"created_at":1621572673000,"location":""}
{"tweet_id":1395588157702213637,"user_username":"kippyglue","text":"@isabelmerana They want the best. According to them, du30 is the best, so are pfizer\/moderna. \ud83e\udd37\ud83c\udffc\u200d\u2642\ufe0f","favorite_count":3,"retweet_count":0,"created_at":1621569120000,"location":""}
{"tweet_id":1395583839360077826,"user_username":"paulandreiroset","text":"You know your bill is f*cked up when even your colleagues in the majority floor and staunch Du30 allies also question the substance of your bill and agreed to not to terminate the interpellation. \n\nGreat job, kuYa Bong Go! Tarpaulin pa more! Sinisira mo araw namin sa San Pablo!","favorite_count":8,"retweet_count":0,"created_at":1621568090000,"location":""}
{"tweet_id":1395578523104866308,"user_username":"Renmare","text":"@GregPoling Why can\u2019t the Chinese just leave us alone! If only DU30 had the balls of Inodonesia\u2019s and Vietnam\u2019s leaders!","favorite_count":0,"retweet_count":0,"created_at":1621566823000,"location":"Cebu City, Central Visayas"}
{"tweet_id":1395577341191938049,"user_username":"cbtuozo","text":"@gmanews He\u2019s frustrated coz Drilon is doing his job as senator. He wants Drilon to be like him and Du30, being inutile in their functions as senator and President but productive in siphoning public funds for their personal interests. #Gogago  #DutertePalpak #duterteinutil","favorite_count":18,"retweet_count":0,"created_at":1621566541000,"location":"PASIG CITY"}
{"tweet_id":1395574095501090816,"user_username":"Akis2x","text":"@SaltAndReality Curiously, DU30 implied (or was it outright admitted?) early into his presidency that as DVO mayor, he'd instruct the police to plant evidence.","favorite_count":4,"retweet_count":0,"created_at":1621565767000,"location":""}
{"tweet_id":1395573167381381121,"user_username":"atnyck","text":"@iskonglasalista The Dilawans are covering up PNoy for his mistake both in the Masasapano Massacre and the loss of Scarborough Shaol. Despite denying to high heavens that PNoy is innocent (to the point of deflecting it to make DU30 is at fault), deep down they know they are guilty...","favorite_count":0,"retweet_count":0,"created_at":1621565546000,"location":""}
{"tweet_id":1395569116916772865,"user_username":"latterwinters","text":"alam mo people should really stop thinking that du30 is the only reason or even the main reason why we dont have western vaccines.\n\nstop pretending this is a restaurant where you\u2019re supposed to pick what you want. it\u2019s about the vaccines we need. https:\/\/t.co\/gq1HIVjJLG","favorite_count":1,"retweet_count":0,"created_at":1621564580000,"location":"Republic of the Philippines"}
{"tweet_id":1395567801092304899,"user_username":"molavefinds","text":"@AlisonPereiraPH @PHPrimeMinister I think the looney plum prize goes to senator V for suggesting #AlingLeni &amp; DU30 do a #VaccineAgnostic infomercial together. Do these f*ckhard dilawans even think Digong will  acquiesce to such nefarious media optics baiting by piggybacking on Duterte's brand? https:\/\/t.co\/0uulnKjRkK","favorite_count":0,"retweet_count":0,"created_at":1621564266000,"location":"Makati CBD 1226"}
{"tweet_id":1395561285777985538,"user_username":"aaronadlawan","text":"I read from a scientist and an article published by epidemiologist saying that Sinovac is effective in real world. This gives me less hesitation but yes, people should have a freedom of choice\n\nI agree it\u2019s not the best we have and I fckin hate Du30 for (+) https:\/\/t.co\/PvDcGHMoTe","favorite_count":5,"retweet_count":0,"created_at":1621562713000,"location":""}
{"tweet_id":1395561024548327432,"user_username":"AdcelOfficial","text":"DU30 knows how to troll the woke and dilawan in a good way \ud83d\ude02 https:\/\/t.co\/Q3mwGToubR","favorite_count":0,"retweet_count":0,"created_at":1621562651000,"location":"National Capital Region"}
{"tweet_id":1395559684891811841,"user_username":"maykelgarbo","text":"That \"du30 is not always forever\" is such a relief. Pero we have to end it na talaga. Sa 2022 no more duterte and marcos anymore. plssssssssssssssssss.","favorite_count":2,"retweet_count":0,"created_at":1621562331000,"location":"Philippines"}
{"tweet_id":1395556242936922112,"user_username":"jpvaldez_2020","text":"BANNER STORIES (Fri \u2022 21 May)\n\nTHE PHILIPPINE STAR\nPrivate sector jabs arriving next month\n\nPHILIPPINE DAILY INQUIRER \nDU30 firm: Don't disclose COVID-19 vaccine brand\n\nMANILA BULLETIN\n'All shots are created equal'","favorite_count":0,"retweet_count":0,"created_at":1621561511000,"location":""}
{"tweet_id":1395528962873253894,"user_username":"_wastedwanderer","text":"@inquirerdotnet What I see:\n\nDU30 FIRM: DON'T DISCLOSE COVID-19 VACCINE BRAND, JUST LIKE MY SALN","favorite_count":0,"retweet_count":0,"created_at":1621555007000,"location":""}
{"tweet_id":1395489924372107266,"user_username":"cpa_dman","text":"@DU30_News Ask Trillanes the whereabouts of the WPS..lol","favorite_count":0,"retweet_count":0,"created_at":1621545699000,"location":"Netherlands"}
{"tweet_id":1395452919957295108,"user_username":"DeeCMeyer","text":"@societyofhonor Du30 eaten by the gift horse: https:\/\/t.co\/TJHmMHOJNi","favorite_count":2,"retweet_count":1,"created_at":1621536877000,"location":""}
{"tweet_id":1395434673594011649,"user_username":"artsyfairyfloss","text":"@zanchirarin I blame it all on du30, normalize blaming everything on him\ud83d\ude0c\ud83d\ude0c","favorite_count":0,"retweet_count":0,"created_at":1621532526000,"location":"\ud83c\uddf5\ud83c\udded"}
{"tweet_id":1395393777825583106,"user_username":"ProfHeist","text":"@wengsalvacion @gmanews He must ally with Du30 to keep his freedom. Si expect him to join the band of liars and corrupt elite group.","favorite_count":0,"retweet_count":0,"created_at":1621522776000,"location":"\ud83c\uddfa\ud83c\uddf8 \/ \ud83c\udde8\ud83c\udde6"}
{"tweet_id":1395393526800781315,"user_username":"Natannunespalm1","text":"Marvel Super Heroes vs Street Fighter: (PH) DU30 vs (MX) D_Guess - 2021-... https:\/\/t.co\/huEJRgpDYh via @YouTube","favorite_count":0,"retweet_count":0,"created_at":1621522716000,"location":""}
{"tweet_id":1395377140674170886,"user_username":"TJFUENTES5","text":"@datumx11 The Filipino people are not really stupid. They have the right to demand what specific brand of covid vaccine for them. That is a fatal mistake for DU30, Galvez, Duque and the rest of IATF-COVID 19 controlled mostly by military.","favorite_count":3,"retweet_count":0,"created_at":1621518809000,"location":""}
{"tweet_id":1395359127715540993,"user_username":"ManuelMontema13","text":"@rapplerdotcom #coffeehauschatroom West Philippine Sea and South China Sea have become a massive issue lately. Admin came alive in defense after five years of shelving the Hague UNCLOS Arbitral Ruling deemed considered a mere piece of paper said DU30. Opposition leaders are on maritime warpath.","favorite_count":0,"retweet_count":0,"created_at":1621514515000,"location":""}
{"tweet_id":1395347486928216066,"user_username":"gl3nng3o","text":"@thelightmom Only. Du30","favorite_count":2,"retweet_count":0,"created_at":1621511739000,"location":"Maryland, USA"}
{"tweet_id":1395328806659915779,"user_username":"SnowflakesRacer","text":"@inquirerdotnet I won't be surprised if one day du30 call on Lapu Lapu, Magellan &amp; Miguel Lopez de Legaspi concerning WPS issues!","favorite_count":7,"retweet_count":0,"created_at":1621507286000,"location":"Cavite"}
{"tweet_id":1395327533814468613,"user_username":"maneIich","text":"why is du30 trending?? https:\/\/t.co\/2ydT4DBUlz","favorite_count":4,"retweet_count":0,"created_at":1621506982000,"location":"gardens of babylon"}
{"tweet_id":1395326000825704450,"user_username":"cbtuozo","text":"@inquirerdotnet @CMRamosINQ You know that's not possible since Du30 has been lashing out against VP and he's envious for the hard work the VP put up which made Du30 inutile.","favorite_count":2,"retweet_count":0,"created_at":1621506617000,"location":"PASIG CITY"}
{"tweet_id":1395316359479713792,"user_username":"M19Manny","text":"@raissawriter Prostitute dds  u cannot put a good woman down, Ms. Raissa is far more credible than du30.","favorite_count":0,"retweet_count":0,"created_at":1621504318000,"location":""}
{"tweet_id":1395300490632601601,"user_username":"itsanareumthing","text":"Du30\u2019s natal chart explains everything. The only thing this man needs to be able to become a great leader is self awareness. My god. Someone approach him and read his natal chart in front of him pls he needs to be slapped with it.","favorite_count":0,"retweet_count":0,"created_at":1621500535000,"location":""}
{"tweet_id":1395299168780886025,"user_username":"jayceI","text":"speaking of rappler's post regarding du30's astrology... i, myself, have also analyzed his natal chart way back then!! https:\/\/t.co\/dmhUb0BvYi https:\/\/t.co\/184KYErwkg","favorite_count":0,"retweet_count":0,"created_at":1621500219000,"location":"entp ; \u264a\ufe0e\u263c - \u2652\ufe0e\u263d - \u264e\ufe0e\u2191"}
{"tweet_id":1395288032555593730,"user_username":"Ronaldo51556140","text":"@ABSCBNNews What do you expect from DU30 admin? Stupidity, ignorant and brainless. It's shows they don't give a shit and care for the Filipino people. Just wait when your term is over karma will set in.","favorite_count":0,"retweet_count":0,"created_at":1621497564000,"location":""}
{"tweet_id":1395282657567678464,"user_username":"cbtuozo","text":"@inquirerdotnet @KAguilarINQ He eyes former Pres who will praise him for his wps pro China stance like GMA. Pnoy won\u2019t attend and FVR is too sick to attend. Erap just recovered from Covid so he might not attend too. If he does, he will say what Du30 wants to hear for a senate slot for a son. A Du30 charade.","favorite_count":10,"retweet_count":1,"created_at":1621496283000,"location":"PASIG CITY"}
{"tweet_id":1395262269085274112,"user_username":"bertibrae_tbz","text":"this would have been 100% if u put Du30 https:\/\/t.co\/7Pq9kwpTU2","favorite_count":0,"retweet_count":0,"created_at":1621491422000,"location":""}
{"tweet_id":1395257620617826305,"user_username":"M19Manny","text":"@mariaressa The Chinese Lap dog president name du30 is the main endorser of Chinese Vaccine, people don't want this. Give us the good value of our money. People prefer Pfizer. Obvious.","favorite_count":0,"retweet_count":0,"created_at":1621490314000,"location":""}
{"tweet_id":1395256801931661312,"user_username":"M19Manny","text":"@TeddyBaguilatJr The immediate resignation of inutil du30.","favorite_count":3,"retweet_count":0,"created_at":1621490118000,"location":""}
{"tweet_id":1395256635224776704,"user_username":"du30_jull1986","text":"@cruzfe13 Leflop basketball association\ud83d\ude02 https:\/\/t.co\/RDvNMMG0vI","favorite_count":5,"retweet_count":0,"created_at":1621490079000,"location":"Republic of the Philippines"}
{"tweet_id":1395256186522398721,"user_username":"ravvnn_","text":"@albedoIess i love du30\ud83d\ude0e\ud83d\ude0e\ud83d\ude0e\ud83d\ude0d\ud83d\ude4f","favorite_count":0,"retweet_count":0,"created_at":1621489972000,"location":"they\/them if we're not close"}
{"tweet_id":1395246612343967752,"user_username":"pialovesjbeans","text":"@mikasalanan not if the du30 admin and followers get to me first \ud83d\ude0c SKSKSKSKKSKSK","favorite_count":0,"retweet_count":0,"created_at":1621487689000,"location":"@Kalzivar"}
{"tweet_id":1395222938463338496,"user_username":"BoomBuencamino","text":"Of all the vaccines available, the du30 regime loves Sinovac.  I wonder why.\n\"The delivery raised the number of jabs the government has received from the Chinese drugmaker to 5.5 million, a million of which were donated by Beijing\"\n https:\/\/t.co\/DKuHhI8Ky0","favorite_count":6,"retweet_count":0,"created_at":1621482045000,"location":"National Capital Region, Repub"}
{"tweet_id":1395218433743093761,"user_username":"Logickinko","text":"Bloomberg estimates most of the world will achieve herd immunity months from now while it\u2019ll take us 6 years to do it. \n\nBy then, countries will impose travel bans to and from the Phils for fear of another outbreak. \n\nIto ang pamana ni Du30: PERWISYO sa tao kahit wala na sya.","favorite_count":3,"retweet_count":1,"created_at":1621480971000,"location":""}
{"tweet_id":1395216870618263555,"user_username":"Mvmt4LawNJstice","text":"Sometimes, we wonder if our ire vs. Du30 should really be towards people around him like \"Hariruki\" , Panelo, Duque. He does have this \"barkada\" mentality to be over-protective of his men &amp; the latter, with due respect, seem to us to go beyond the \"normal\" to try to please him.","favorite_count":0,"retweet_count":0,"created_at":1621480598000,"location":""}
{"tweet_id":1395213806033203200,"user_username":"Aldegor","text":"@gmanews If that\u2019s the case why du30 chose sinopharm not sinovac is that fair to ask? Then if that\u2019s du30 mindset then his next jab shld be sinovac since he trust all vaccines are safe.","favorite_count":0,"retweet_count":0,"created_at":1621479867000,"location":""}
{"tweet_id":1395208152488898564,"user_username":"Mvmt4LawNJstice","text":"Whenever we were sore at someone, our mother would always tell us to try to remember the good things he or she had done for us. Works wonders. Maybe we should try that on DU30. Try to balance out the good things he has done with those that are not. May even surprise us.","favorite_count":0,"retweet_count":0,"created_at":1621478519000,"location":""}
{"tweet_id":1395200107138584576,"user_username":"_DannyChing","text":"I've always believed that DU30 represented the worst parts of our culture...\n\nAn aversion and disdain to SYSTEMS. Which is exactly what a country needs during a pandemic. https:\/\/t.co\/sGmntNEBok","favorite_count":0,"retweet_count":0,"created_at":1621476601000,"location":"Makati, Philippines"}
{"tweet_id":1395199710806171655,"user_username":"AngryDaruma","text":"@RightPatriotsPH @BoycottHegemony I've just noticed here that those left-wing woketards who claimed that they are Anti-Du30 are bandwagoning this situation and automatically demonize Israel for this.","favorite_count":0,"retweet_count":0,"created_at":1621476507000,"location":"Somewhere"}
{"tweet_id":1395182848957505537,"user_username":"freudianpanda","text":"@MaamSyj @raissawriter Hi @MaamSyj, I wonder why the hesitation with Sinovac? Is it the ties to Du30? I am a healthworker and got Sinovac - whether its a truly free choice or not, I got it because for all that is said it is an effective and safe vaccine.","favorite_count":23,"retweet_count":1,"created_at":1621472487000,"location":"Manila"}
{"tweet_id":1395177209296470016,"user_username":"ralphwaldomc","text":"@kolsenerboi This may sound so \"first world problem\", but i used to get so torn about mango bravo. Am I supporting a Du30 enabler by eating one or am    I denying people of livelihood by boycotting Conti's? However before I arrived at answer my penchant for mango bravo had dissipated.","favorite_count":1,"retweet_count":0,"created_at":1621471142000,"location":"The Universe, Rather"}
{"tweet_id":1395170823477026823,"user_username":"truthinphil","text":"@PhilippineStar @onenewsph They can shove it up Du30\u2019s","favorite_count":2,"retweet_count":0,"created_at":1621469619000,"location":"Republic of the Philippines"}
{"tweet_id":1395167388400771076,"user_username":"MerkadoBarkada","text":"1. $DITO: franchise renewed by Du30\n2. $ABA: stock pumps on disclosure\n3. $COL: Q1 profit \u25b2354% y\/y, \u25b2185% q\/q; where's that volume now, tho?\n4. $RLC: files for \u20b126bn REIT IPO\n\nToday\u2019s email: https:\/\/t.co\/HO4oUvtoJU\n\nJoin the Barkada: https:\/\/t.co\/JNJ24g85dj\n\n#PSEiupdate https:\/\/t.co\/M9UfN8MHNF","favorite_count":43,"retweet_count":7,"created_at":1621468801000,"location":"Makati City"}
{"tweet_id":1395093756483969024,"user_username":"Medicfirefightr","text":"@LakasNgTimog I would settle for DU30 for his true colors rather the ones who pretend to be \"disente\", yet have questionable personality. For the haters, DU30 will always be their number 1 target.","favorite_count":0,"retweet_count":0,"created_at":1621451245000,"location":"Iraq"}
{"tweet_id":1395063023316832256,"user_username":"ctrlwayne","text":"@medzchi just know that i am proud of u!! on whatever you do!! also yes tangina mo du30 ikaw pati inuman hinaadlangan!","favorite_count":0,"retweet_count":0,"created_at":1621443918000,"location":"he\/him"}
{"tweet_id":1395053174432534528,"user_username":"M19Manny","text":"@iamromulo20 Rappler is credible news organisation compare to trapo du30 n enrile.","favorite_count":0,"retweet_count":0,"created_at":1621441570000,"location":""}
{"tweet_id":1395053061131837440,"user_username":"CosmicSkepticF","text":"Lets declare those #ugokes as persona de grata in Davao City for talk shit on Du30, let those fukers taste their own medicine https:\/\/t.co\/FRGhmccuIC","favorite_count":0,"retweet_count":0,"created_at":1621441543000,"location":"Cebu City, Central Visayas"}
{"tweet_id":1395043225807712257,"user_username":"russelmatthew_","text":"maybe the real hump day ends when we oust du30 \ud83e\udd74","favorite_count":0,"retweet_count":0,"created_at":1621439198000,"location":"always in between"}
{"tweet_id":1395039920440320000,"user_username":"romelarabia","text":"@mariaressa By all means,  Pfizer is more superior than Sinovac.  But for du30 China is more superior than US.","favorite_count":6,"retweet_count":2,"created_at":1621438410000,"location":"Republic of the Philippines"}
{"tweet_id":1395038770953551878,"user_username":"svelterogue","text":"@skinxbones_ I can relate pero personally, I can only do so much to try and negotiate the understanding of what hogwash du30 is ramming down our throats. If after all the compelling evidence ganyan pa rin paniniwala nila, ganon e. Hindi sila kritikal. Hindi nila kinukwestyon ang","favorite_count":0,"retweet_count":0,"created_at":1621438136000,"location":""}
{"tweet_id":1395037407997612034,"user_username":"deliasgaelle","text":"@cakeblankettt oust du30 and replace with cate blanchett nalang pls &lt;33","favorite_count":0,"retweet_count":1,"created_at":1621437811000,"location":"15 | she\/he\/they| cairnholm "}
{"tweet_id":1395037267572391937,"user_username":"AnnCarzon","text":"@MichellePablio1 How? Just look! Hahaha i do support Du30 but they trained best bashers pal. Haay naman! Eh taga Butuan O Zamboanga o i mean living in Mindanao? Haays goverment. \ud83d\ude12 https:\/\/t.co\/IU7BbA1CJK","favorite_count":0,"retweet_count":0,"created_at":1621437777000,"location":"Cebu City, Central Visayas"}
{"tweet_id":1395033555424595973,"user_username":"ashleeeeeeuut","text":"@mitsuteto bro u ship two coworkers that hate each other if that aint leni and du30 idk what else they could be...","favorite_count":1,"retweet_count":0,"created_at":1621436892000,"location":"he\/him | 16"}
{"tweet_id":1395030682741526530,"user_username":"opinionsofphyo1","text":"A lot has been happening since 2020, Now 2021 has arrived and we are in more chaos than ever. \nI picked up a newspaper by the the Daily Tribune made today Wednesday May 19 2021. \nThe article DONT BE PICKY DU30 TELLS PINOYS by MJ BLANCAFLOR.","favorite_count":0,"retweet_count":0,"created_at":1621436207000,"location":""}
{"tweet_id":1395017743489896448,"user_username":"Sebasti18987364","text":"@SenLeiladeLima HISTORY WILL JUDGE AND MARKED YOU AS EX-SENATOR WHO COMPROMISED JUSTICE OVER DRUG MONEY TRADES! THATS HISTORY! AND DU30 WILL BE REMEMBERED  IN HISTORY JUST AS THE OPPOSITES OF YOUR ADJECTIVES! PRESIDENT WITH GENUINE HEART AND EMPATHY FOR HIS SOLDIERS AND PEOPLE!","favorite_count":0,"retweet_count":0,"created_at":1621433122000,"location":"Los Angeles, CA"}
{"tweet_id":1395015192321265665,"user_username":"Sebasti18987364","text":"@SenLeiladeLima HISTORY WILL JUDGE AND MARKED YOU AS EX-SENATOR WHO COMPROMISED JUSTICE FOR DRUG MONEY TRADES! THATS HISTORY! AND DU30 WILL BE REMEMBER IN HISTORY JUST AS THE OPPOSITES OF YOUR DESCRIPTION! PRESIDENT WITH GENUINE HEART AND EMPATHY FOR HIS SOLDIERS AND PEOPLE!","favorite_count":2,"retweet_count":0,"created_at":1621432514000,"location":"Los Angeles, CA"}
{"tweet_id":1394999295632240644,"user_username":"calvindhame","text":"The murder &amp; red-tagging of activists under Du30's regime &amp; the \"ethnic cleansing\" Palestinians suffer from Zionists are not isolated experiences. Whether under a democratic or republican fa\u00e7ade, imperialism will continue to exploit smaller nations under the guise of liberalism.","favorite_count":12,"retweet_count":0,"created_at":1621428724000,"location":"Consolacion, Central Visayas"}
{"tweet_id":1394998638368100354,"user_username":"wlwpov","text":"@gail_bearwithme they really think they did something, don't they know that doctors will have to disclose it? oh yes, they don't, du30's administration is a joke","favorite_count":0,"retweet_count":0,"created_at":1621428567000,"location":"19. she\/they. asian. lrgc."}
{"tweet_id":1394998520822648838,"user_username":"brygonzales_ph","text":"If a progressive government will eventually assume power, better na i-ban nila ang DU30 first bump in the same way that Germany made it illegal to do the Hitler salute.","favorite_count":56,"retweet_count":12,"created_at":1621428539000,"location":"Philippines"}
{"tweet_id":1394989707411480580,"user_username":"SnowflakesRacer","text":"@mrlucks @ABSCBNNews He said his memory's failing that he can't recall being interviewed by Tess Vitug.\n\nThen, everything he said in du30's show \"talk to the nation\" are just LIES or JOKES?","favorite_count":9,"retweet_count":0,"created_at":1621426438000,"location":"Cavite"}
{"tweet_id":1394986935836418050,"user_username":"xtna_wanderer","text":"@brymac9168 Rabiya annoyed Du30 supporters, Du30 has 91% approval rating, can you imagine turning off that much people?? And she wasn't confident at all. She was scared, she didn't prepare kahit sa pagrampa lng","favorite_count":1,"retweet_count":0,"created_at":1621425777000,"location":"Canada"}
{"tweet_id":1394984605862744067,"user_username":"marredroyalty","text":"Ano daw? \ud83d\ude02\ud83d\ude02\ud83d\ude02 Helping the enemies? Yup those who balik loob sa gov and turn from their ideology.. those are the people whom the gov helps.the gov and du30 is helping Enemies of the state? Your narrative should be \"Former Enemies Of The State\" .. https:\/\/t.co\/lB1Id0Kl1k","favorite_count":6,"retweet_count":0,"created_at":1621425222000,"location":"Mindanao Philippines"}
{"tweet_id":1394970924840067073,"user_username":"jmpareja","text":"@ogie_rosa Baka ka de-defrost lang nila kay Enrile. It has been 5 years since Duterte's 'Pivot to China' strategy and it is a disaster. Walang nangyari sa BBB. Most importantly, the ongoing issue sa WPS is proof of that. Problem is, DU30 is just a one-trick pony.","favorite_count":2,"retweet_count":1,"created_at":1621421960000,"location":"Republic of the Philippines"}
{"tweet_id":1394968667390201859,"user_username":"sivincentito","text":"courtesy: meme$ out 4 du30 fb group https:\/\/t.co\/zzuAP2PnwB","favorite_count":0,"retweet_count":0,"created_at":1621421422000,"location":""}
{"tweet_id":1394963990053376000,"user_username":"marionjoseph27_","text":"why tf is s*ra du30\u2019s face all over ac \ud83d\ude24","favorite_count":1,"retweet_count":0,"created_at":1621420307000,"location":"admu"}
{"tweet_id":1394963808725110784,"user_username":"redhot_snapper","text":"@manilabulletin Galing ni #du30.  Thank you","favorite_count":0,"retweet_count":0,"created_at":1621420263000,"location":"Dubai, United Arab Emirates"}
{"tweet_id":1394961499488235522,"user_username":"ImDaleSoriano","text":"@coldfacedavao This made my day. Hahahahaha..DU30 is indeed their nightmare. \ud83e\udd23","favorite_count":2,"retweet_count":0,"created_at":1621419713000,"location":"Manila, Philippines"}
{"tweet_id":1394952587204456449,"user_username":"nurainejaizzah","text":"hehe ginaabangan pa nako ang PILIpinas debates sa presidential candidates sa election 2016 before. and what a shame i kept tweeting abt du30. \ud83e\udd21\ud83e\udd21\ud83e\udd21 i deleted them all now. \ud83d\udc41\ufe0f\ud83d\udc44\ud83d\udc41\ufe0f","favorite_count":12,"retweet_count":0,"created_at":1621417588000,"location":""}
{"tweet_id":1394952279111860224,"user_username":"M19Manny","text":"@Sleepdoc @DZMMTeleRadyo We have the loan, we have the funds y choose sinovac?  To please again the Chinese government. Tangna. Aso masyado c inutil du30. GIVE us Pfizer, we trust the vaccine more.","favorite_count":0,"retweet_count":0,"created_at":1621417514000,"location":""}
{"tweet_id":1394944868577800192,"user_username":"tan_nonoy","text":"@RolandR19327469 Besines, du30 have gargantuan monies derived frm corruption accumulated during his 6-yr term as ph pres. Current govt spending re covid19 response is only perks of trillions of ph loans frm WB, ADB etc. SENTRIL IV should take into consideration this vital issues &amp; concerns. TY","favorite_count":1,"retweet_count":0,"created_at":1621415748000,"location":"Sara, Iloilo West Visayas"}
{"tweet_id":1394941598589349894,"user_username":"_psychopatrick","text":"@angelooooG something in common with du30 \n\nwell played","favorite_count":1,"retweet_count":0,"created_at":1621414968000,"location":"NCR +"}
{"tweet_id":1394938948527419392,"user_username":"RolandR19327469","text":"One thing I admire most about 3llanes is that he seems to unafraid of anyone or anything that comes his way. He doesn't mind if Du30 has a bunch of killers behind him. He's the only person who can stand up against this lunatic; and the same person who can bring them to justice.","favorite_count":10,"retweet_count":0,"created_at":1621414336000,"location":"Quezon City"}