{"tweet_id":1397091039714844673,"user_username":"civnoj","text":"@IanEsguerra @JayBatongbacal What have we really gained from China due to the policy of Pduts on WPS?  From China's pledges of loans how many have materialized?","favorite_count":0,"retweet_count":0,"created_at":1621927435000,"location":"","hashtags":[]}
{"tweet_id":1397078678475923459,"user_username":"Hoshiumeme","text":"YEAH IM ND.... NEEZ DUTS","favorite_count":17,"retweet_count":3,"created_at":1621924488000,"location":"JAPAN","hashtags":[]}
{"tweet_id":1397076428860968964,"user_username":"amyslayer","text":"So beggars can't be choosers drama ngayon? Bakit, who put us in the position of being beggars? Who insisted on unrestricted travel from PRC in early 2020 because the Chinese would be \"insulted\"? Hindi sapat ang Twitter characters to list all Duts' COVID policy fuck-ups. STFU. https:\/\/t.co\/AZ2HPR9ZgK","favorite_count":1,"retweet_count":0,"created_at":1621923951000,"location":"Hulaan Mo","hashtags":[]}
{"tweet_id":1397069387723513860,"user_username":"celesteeei","text":"@_honey_soup neez duts","favorite_count":0,"retweet_count":0,"created_at":1621922272000,"location":"","hashtags":[]}
{"tweet_id":1397050800191393793,"user_username":"jayjayferro","text":"He's trying to take off heat off Duts being branded as a traitor to the Philippines. Whatever he says is insignificant. He doesn't speak for the president, he takes heat off him. https:\/\/t.co\/KgU2w3yj5s","favorite_count":0,"retweet_count":0,"created_at":1621917841000,"location":"Philippines","hashtags":[]}
{"tweet_id":1397022518372823042,"user_username":"__dutS","text":"Kept at least 6 disks in the changer","favorite_count":0,"retweet_count":0,"created_at":1621911098000,"location":"","hashtags":[]}
{"tweet_id":1397019936183095298,"user_username":"wayfarer818","text":"@inquirerdotnet @LeilasINQ Tough luck\n\nFirst it was Enrile agreeing with Duts' on his treasonous approach to the WPS issue\n\nNow this, coming from WHO, is another unfortunate concurrence to Duts' decision that may have the undesirable consequence of him mistakenly believing he is always right on all things.","favorite_count":0,"retweet_count":0,"created_at":1621910482000,"location":"Metro Manila, Philippines","hashtags":[]}
{"tweet_id":1396995330755883011,"user_username":"masbaray","text":"@FarisHawali @danillajpr Gokx duts","favorite_count":0,"retweet_count":0,"created_at":1621904616000,"location":"DKI Jakarta, Indonesia","hashtags":[]}
{"tweet_id":1396950654267006976,"user_username":"darylgibson","text":"@KeepHandsWashed Duts has an uphill battle there","favorite_count":0,"retweet_count":0,"created_at":1621893964000,"location":"Manning Point","hashtags":[]}
{"tweet_id":1396946486756208641,"user_username":"jvee_b","text":"to think pduts is god-sent ultimately means there is no free will; that god is to blame for this tyrant. now isn't that faulty? remember our diamat and histomat, mga mumsh\u261d\ufe0f https:\/\/t.co\/NI1POs5NIE","favorite_count":1,"retweet_count":1,"created_at":1621892971000,"location":"City Of Tandag, Caraga","hashtags":[]}
{"tweet_id":1396910599666286598,"user_username":"Napstablookii_","text":"@imLotrex \ud83d\ude44neez duts","favorite_count":0,"retweet_count":0,"created_at":1621884414000,"location":"PP","hashtags":[]}
{"tweet_id":1396906161966878721,"user_username":"Dennis74665495","text":"@AlexTanto_ Duts!","favorite_count":0,"retweet_count":0,"created_at":1621883356000,"location":"Overal en nergens","hashtags":[]}
{"tweet_id":1396903545971036160,"user_username":"Dennis74665495","text":"@AlexTanto_ Dat ge ne duts","favorite_count":0,"retweet_count":0,"created_at":1621882733000,"location":"Overal en nergens","hashtags":[]}
{"tweet_id":1396903522126401541,"user_username":"Diegoof17","text":"@sectraaa Duts neez","favorite_count":3,"retweet_count":0,"created_at":1621882727000,"location":"Don\u2019t worry about it","hashtags":[]}
{"tweet_id":1396896927946399745,"user_username":"DreschelMaurine","text":"@erick_duts A ton pied","favorite_count":2,"retweet_count":0,"created_at":1621881155000,"location":"","hashtags":[]}
{"tweet_id":1396859831957397506,"user_username":"worldwry","text":"@lisafrozen If duts said that i might kms after committing mass mrder in the palace","favorite_count":0,"retweet_count":0,"created_at":1621872310000,"location":"","hashtags":[]}
{"tweet_id":1396853446691622912,"user_username":"rinsyy_baek","text":"let\u2019s being rollerrrBoosterCoaster for a while duts https:\/\/t.co\/fxF7XkAEyY","favorite_count":0,"retweet_count":0,"created_at":1621870788000,"location":"kontra sperm, vespa","hashtags":[]}
{"tweet_id":1396846341280735232,"user_username":"OV3RH3ADSUNS3T","text":"@B3FNF neez duts","favorite_count":0,"retweet_count":0,"created_at":1621869094000,"location":"HE\/THEY\/FAE\/BEEP","hashtags":[]}
{"tweet_id":1396805762761035776,"user_username":"SojuShi_","text":"i\u2019ve become obsessed with flipping the first letters of words so like instead of deez nuts its neez duts and it\u2019s so funny to me","favorite_count":1,"retweet_count":0,"created_at":1621859419000,"location":"The Bar","hashtags":[]}
{"tweet_id":1396800406257344515,"user_username":"GhastlerClonix","text":"@some_ape neez duts https:\/\/t.co\/4clKx2X2f3","favorite_count":2,"retweet_count":0,"created_at":1621858142000,"location":"","hashtags":[]}
{"tweet_id":1396798615054688262,"user_username":"some_ape","text":"neez duts","favorite_count":82,"retweet_count":5,"created_at":1621857715000,"location":"in your mom","hashtags":[]}
{"tweet_id":1396779292781015044,"user_username":"GabAbrenica","text":"another day another shade from judge para kay pduts \ud83d\ude02 labyu talaga po","favorite_count":1,"retweet_count":0,"created_at":1621853108000,"location":"Philippines","hashtags":[]}
{"tweet_id":1396733955941019649,"user_username":"Blockedbymarcs1","text":"@vanranstmarc Duts","favorite_count":0,"retweet_count":0,"created_at":1621842299000,"location":"","hashtags":[]}
{"tweet_id":1396723143302131722,"user_username":"THENSAZA","text":"DUT\u2019S PROF BUX RECEIVES SENIOR FELLOW MEMBERSHIP OF THE WATER INSTITUTE OF SOUTHERN AFRICA https:\/\/t.co\/eTjUgKd6e7","favorite_count":0,"retweet_count":0,"created_at":1621839721000,"location":"South Africa","hashtags":[]}
{"tweet_id":1396716549113712642,"user_username":"Kingsteely97","text":"neez duts https:\/\/t.co\/Og3nVclKgG","favorite_count":2,"retweet_count":0,"created_at":1621838149000,"location":"He\/she\/they|enby|Bi-panro|16","hashtags":[]}
{"tweet_id":1396707720389185538,"user_username":"SPICOP","text":"@PeteBarronMedia Duts Auction","favorite_count":1,"retweet_count":0,"created_at":1621836044000,"location":"Port Mulgrave","hashtags":[]}
{"tweet_id":1396692985035694093,"user_username":"mythspyttv","text":"i should schedule a tweet that says either neez duts or gay gay homosexual gay but schedule it for a random time of day every day. it s a gamnble.","favorite_count":0,"retweet_count":0,"created_at":1621832531000,"location":"any pronouns *does a dance*","hashtags":[]}
{"tweet_id":1396645512497930240,"user_username":"beaapbeaap","text":"was trying to convince a \u201cmy-vote-won\u2019t-count\u201d friend to register to vote until he mentioned duts is known to be efficient when he was mayor in Davao. told him not to register nalang lol","favorite_count":6,"retweet_count":0,"created_at":1621821213000,"location":"","hashtags":[]}
{"tweet_id":1396624362795540482,"user_username":"mnlstories","text":"Badass Filipina warriors even old man Duts should be afraid of..\n\nOne Filipina teacher was a feared Japanese assassin in WWII.\n\nAnother Filipina actress was a sharpshooter.\n\nhttps:\/\/t.co\/QN6bhtGU8b","favorite_count":3,"retweet_count":0,"created_at":1621816170000,"location":"","hashtags":[]}
{"tweet_id":1396621493308588033,"user_username":"liliansummer_","text":"Liat duts https:\/\/t.co\/96T5h8dJE6","favorite_count":6,"retweet_count":0,"created_at":1621815486000,"location":"614 ","hashtags":[]}
{"tweet_id":1396618082362167296,"user_username":"horsepilled","text":"@kazuzuha neez duts","favorite_count":0,"retweet_count":0,"created_at":1621814673000,"location":"","hashtags":[]}
{"tweet_id":1396545364065361921,"user_username":"__dutS","text":"They\u2019ll fr do anything but raise their minimum wage \ud83e\udd23 https:\/\/t.co\/OlBIrvf8zX","favorite_count":0,"retweet_count":0,"created_at":1621797336000,"location":"","hashtags":[]}
{"tweet_id":1396537463284305921,"user_username":"galle_james","text":"@unitedstadia @Lil__Bicky Duts","favorite_count":0,"retweet_count":0,"created_at":1621795452000,"location":"Roeselare, Belgi\u00eb","hashtags":[]}
{"tweet_id":1396521736393433089,"user_username":"Praisem53840091","text":"@rurueu @palnyoni Kkkkkk duts true","favorite_count":1,"retweet_count":0,"created_at":1621791702000,"location":"Klerksdorp, South Africa","hashtags":[]}
{"tweet_id":1396515054229475329,"user_username":"leejayt","text":"@michas4580 @rapplerdotcom @teddycasino @ramboreports Why look to China when you have threats to our democracy and security right here on our home soil? As for duts being an agent of the CCP, try googling \"sarcasm\",  man.","favorite_count":0,"retweet_count":0,"created_at":1621790109000,"location":"","hashtags":[]}
{"tweet_id":1396514634610352131,"user_username":"leejayt","text":"@michas4580 @rapplerdotcom @teddycasino @ramboreports Why look to China when you have threats to our democracy and security right here on our home soil? As for duts being an agent of the CCP, try googling \"sarcasm\",  man.","favorite_count":1,"retweet_count":0,"created_at":1621790009000,"location":"","hashtags":[]}
{"tweet_id":1396508399794155521,"user_username":"leejayt","text":"@michas4580 @rapplerdotcom @teddycasino @ramboreports Yes. Duts is an agent of the CCP.","favorite_count":0,"retweet_count":0,"created_at":1621788523000,"location":"","hashtags":[]}
{"tweet_id":1396508082298146823,"user_username":"charlienf7","text":"@duts1987 No need for that Duts \ud83d\ude48\ud83d\ude48\ud83d\ude48","favorite_count":1,"retweet_count":0,"created_at":1621788447000,"location":"Hallaton, England","hashtags":[]}
{"tweet_id":1396490429323960322,"user_username":"Coolonitbaby","text":"\u201cAnother one bites the duts\u201d https:\/\/t.co\/OJgEaDCRjI","favorite_count":1,"retweet_count":0,"created_at":1621784238000,"location":"UK  - BLK - 21 - he\/him","hashtags":[]}
{"tweet_id":1396479988317057027,"user_username":"rurudobby","text":"@HajiraMA8 @treasuremembers Oust duts\n\nI nominate TREASURE.\n#Whosfan_1st_Anniversary #\ud6c4\uc988\ud32c_1\uc8fc\ub144_\ucd95\ud558\ud574 #Whosfan_with_TREASURE \n@treasuremembers","favorite_count":0,"retweet_count":0,"created_at":1621781749000,"location":"","hashtags":[{"text":"Whosfan_1st_Anniversary","indices":[60,84]},{"text":"\ud6c4\uc988\ud32c_1\uc8fc\ub144_\ucd95\ud558\ud574","indices":[85,97]},{"text":"Whosfan_with_TREASURE","indices":[98,120]}]}
{"tweet_id":1396417993723179010,"user_username":"mikefuckingdee","text":"@donthebasher @zryanverse As we have seen previously, anybody, as in literally anyone, with or without a functioning brain, is qualified to work for the Duts admin.","favorite_count":0,"retweet_count":0,"created_at":1621766968000,"location":"","hashtags":[]}
{"tweet_id":1396405491924799495,"user_username":"donthebasher","text":"@zryanverse You are unqualified to work for the Duts admin","favorite_count":6,"retweet_count":0,"created_at":1621763987000,"location":"","hashtags":[]}
{"tweet_id":1396398996646612996,"user_username":"_bucketliz","text":"Duts admin: https:\/\/t.co\/rKN9IqW4LN","favorite_count":1,"retweet_count":0,"created_at":1621762439000,"location":"90's era","hashtags":[]}
{"tweet_id":1396385317159006209,"user_username":"BoBoTheWiseman4","text":"@IanEsguerra Q to Catura: How will you differentiate the raising of fist of Patreng Non as opposed to the raising of fist of PDuts? Given the logic that the raising of fist is a sign of being a communist?","favorite_count":4,"retweet_count":0,"created_at":1621759177000,"location":"manila, philippines","hashtags":[]}
{"tweet_id":1396321439985414146,"user_username":"uwu_bitch_uwu","text":"@ranboolovebots Neez duts","favorite_count":0,"retweet_count":0,"created_at":1621743948000,"location":"He\/They","hashtags":[]}
{"tweet_id":1396300139728314371,"user_username":"EvaMusicologia","text":"@YamanakaBitch Not here to defend pduts. His policies will speak for what he believe.","favorite_count":0,"retweet_count":0,"created_at":1621738869000,"location":"UP College of Music","hashtags":[]}
{"tweet_id":1396279156044820487,"user_username":"OlliePaz","text":"Di bale poor service, good service naman sila kay pduts and vice versa. They were not set up to serve you-Filipinos, guess who? https:\/\/t.co\/Cgw5HMZKLf","favorite_count":2,"retweet_count":0,"created_at":1621733867000,"location":"Sta. Elena, Marikina City","hashtags":[]}
{"tweet_id":1396176348364824577,"user_username":"iammai28392332","text":"@AndreaMichDCruz They wanna learn and achieve Pduts high approval..","favorite_count":2,"retweet_count":0,"created_at":1621709355000,"location":"Saskatchewan, Canada","hashtags":[]}
{"tweet_id":1396112128696848387,"user_username":"BladyyCool","text":"@jesuisunsecret1 duts","favorite_count":0,"retweet_count":0,"created_at":1621694044000,"location":"Lucky Land","hashtags":[]}
{"tweet_id":1396104330525085698,"user_username":"imljsrz","text":"Oops duts https:\/\/t.co\/8YAEuQxnCL","favorite_count":0,"retweet_count":0,"created_at":1621692185000,"location":"","hashtags":[]}
{"tweet_id":1396087926400946179,"user_username":"fanfuckened","text":"@MEPHOJAYZ_ I HATE THOSE PPL?!?!??! it\/its is a GOOD PRONOUN SET i might use it but IM NOT SURE YET they should learn ND (neez duts)","favorite_count":0,"retweet_count":0,"created_at":1621688274000,"location":"my carrd is a wip sorry ^^'","hashtags":[]}
{"tweet_id":1396082818590064644,"user_username":"qnfvillain","text":"\ud83d\ude0d\ud83d\ude0d neez duts ~ far 2021 \ud83d\ude0d\ud83d\ude0d https:\/\/t.co\/Pz10Wjy7Ew","favorite_count":3,"retweet_count":1,"created_at":1621687056000,"location":"she!\u00a1her \u2022 wifeys, alex, bagc\u2661","hashtags":[]}
{"tweet_id":1396073282290421760,"user_username":"katrinapallon","text":"Today\u2019s pleasant surprise: A Singapore-based acquaintance who used to fight me in the comments sections of my posts during the 2016 elections turns out to be anti Duts now. Haha! So yes, we\u2019re cool.","favorite_count":15,"retweet_count":0,"created_at":1621684782000,"location":"Manila, Philippines","hashtags":[]}
{"tweet_id":1396059165869711365,"user_username":"browearekissing","text":"Neez Duts","favorite_count":1,"retweet_count":2,"created_at":1621681417000,"location":"","hashtags":[]}
