{"tweet_id":1389907803595288580,"user_username":"SmartNoypi","text":"Please retweet. Register to Vote and Vote wisely. No More Duts ok? https:\/\/t.co\/CEOMYfMbdX","favorite_count":1,"retweet_count":0,"created_at":1620214818000,"location":""}
{"tweet_id":1389897345995661312,"user_username":"muscleteenikoy_","text":"@GatorsDaily Happy birthday, pres duts","favorite_count":0,"retweet_count":0,"created_at":1620212324000,"location":""}
{"tweet_id":1389894936934244352,"user_username":"duts_tk","text":"@namjinii04 @BTS_twt I vote #BTSARMY for #BestFanArmy at the 2021 #iHeartAwards @BTS_twt","favorite_count":0,"retweet_count":0,"created_at":1620211750000,"location":"itaewon"}
{"tweet_id":1389894789210918912,"user_username":"duts_tk","text":"@namjinii04 @BTS_twt Done kaa, wish me luck. pengen spotify premium\ud83e\udd32\ud83c\udffb\ud83e\udd32\ud83c\udffb\ud83d\udc9c\ud83d\udc9c\n@BTS_twt https:\/\/t.co\/Mpt76AXrV9","favorite_count":0,"retweet_count":0,"created_at":1620211715000,"location":"itaewon"}
{"tweet_id":1389893831483527173,"user_username":"GdpWw2","text":"@Joseph_Morong @gmanews Just remember, taxes natin ang gagamitin para sa pension ng string of PNP chiefs PDuts appointed.","favorite_count":1,"retweet_count":0,"created_at":1620211487000,"location":""}
{"tweet_id":1389891283611619328,"user_username":"G_A_Cabreros","text":"@macintosh_06 Being a supportive jowa ni Duts. Lol","favorite_count":2,"retweet_count":0,"created_at":1620210879000,"location":"\u00dcT: 14.555225,121.0098366"}
{"tweet_id":1389889793190875138,"user_username":"SellinXBL","text":"@Juites_ Thats what im saying. AG lasted for over 5 months on 20 but was let down cos I recruited some duts ngl","favorite_count":3,"retweet_count":0,"created_at":1620210524000,"location":"Socials \u279c"}
{"tweet_id":1389884130364559368,"user_username":"daily_struts","text":"@Joseph_Morong @gmanews Ilang PNP Chiefs na ba since PDuts term? And their average months of service prior retirement? \ud83e\udd14","favorite_count":5,"retweet_count":0,"created_at":1620209174000,"location":"Republic of the Philippines"}
{"tweet_id":1389881095538151427,"user_username":"theedcaitum","text":"The only dog I can't pet is Pduts. Chz","favorite_count":2,"retweet_count":0,"created_at":1620208450000,"location":"Earth"}
{"tweet_id":1389866366778241024,"user_username":"Suryaa_speaks","text":"@roflrind @MeghUpdates It's H vs M\nEven in many place TMC Hs are getting persecuted by shanti duts","favorite_count":1,"retweet_count":1,"created_at":1620204938000,"location":"\u09ad\u09be\u09b0\u09a4\u09ac\u09b0\u09cd\u09b7 \ud83e\udde1 \u092d\u093e\u0930\u0924\u0935\u0930\u094d\u0937"}
{"tweet_id":1389863686148263939,"user_username":"duts_tk","text":"@namjinii04 Mauuuuu kaaaaaaaaa\ud83d\ude2d\n\nI vote #BTSARMY for #BestFanArmy at the 2021 #iHeartAwards \n@BTS_twt","favorite_count":0,"retweet_count":0,"created_at":1620204299000,"location":"itaewon"}
{"tweet_id":1389838743704506368,"user_username":"Meowtwobeens","text":"@TheManilaTimes *Duts and Locsin","favorite_count":0,"retweet_count":0,"created_at":1620198353000,"location":""}
{"tweet_id":1389830060744462350,"user_username":"renandesu","text":"He's literally the Presidential Spox, echoing the stupidity of Duts and his army of incognitive buffoons. Hayy. https:\/\/t.co\/LH1mQ9Xq85","favorite_count":0,"retweet_count":0,"created_at":1620196282000,"location":"Ilog o lawa"}
{"tweet_id":1389825853765287936,"user_username":"GeorgiaClaro3","text":"@RoninaOribado Great statesmanship shown by the respectable Sir Delrosario as opposed to the diabolical threat by the irrespectable pduts. Shows who has class. God bless Mr. Delrosario.","favorite_count":1,"retweet_count":0,"created_at":1620195279000,"location":""}
{"tweet_id":1389820458397102085,"user_username":"ritzandfamous","text":"DDshits when duts is talking https:\/\/t.co\/74Gco7nkEs","favorite_count":0,"retweet_count":0,"created_at":1620193993000,"location":""}
{"tweet_id":1389817570773983232,"user_username":"ELMenteVerde","text":"@ANCALERTS @jmnpunzalan Duts does not talk to the people. He rants to the people","favorite_count":1,"retweet_count":0,"created_at":1620193305000,"location":"I live in the world of Twitter"}
{"tweet_id":1389817070909640704,"user_username":"AtheoChad","text":"@News5PH Puke mo Duts!","favorite_count":0,"retweet_count":0,"created_at":1620193185000,"location":""}
{"tweet_id":1389811198862921733,"user_username":"LesserDans","text":"my ates and kuyas in my org trolling my anti-Duts posts pre-elections\n\ncause idiots can\u2019t even post anything political now \ud83d\ude02\n\n@cheskajo lamoyan hahaha cc ko lang kayo for posterity @trizzabelle @cesisteph_ @karageng https:\/\/t.co\/2U8M2OBMLQ","favorite_count":6,"retweet_count":0,"created_at":1620191785000,"location":""}
{"tweet_id":1389790064377401345,"user_username":"albertsdr","text":"When pduts and his blind fanatics thought that this was the right thing to do... thousands lost their job in the middle of pandemic and economic crisis https:\/\/t.co\/QW7FJnF3Px","favorite_count":0,"retweet_count":0,"created_at":1620186747000,"location":"Milky Way Galaxy "}
{"tweet_id":1389778214885621764,"user_username":"dianashawty21","text":"@__dutS 600 followers? Damn that\u2019s discrimination","favorite_count":0,"retweet_count":0,"created_at":1620183921000,"location":"DankSideoftheMoon"}
{"tweet_id":1389777242754981889,"user_username":"TrancetheRapper","text":"I mean ok, Sara with Leni eating lunch. \n\nAng reaksyon diyan is \"Ok pare pareho sila, so I'll just vote for Sara Duts anyway?\"","favorite_count":3,"retweet_count":1,"created_at":1620183690000,"location":""}
{"tweet_id":1389776161748643840,"user_username":"maidsunu","text":"@suneobi Ceez Duts","favorite_count":2,"retweet_count":0,"created_at":1620183432000,"location":" THEY\/THEM 18 carrd byf"}
{"tweet_id":1389772636037664768,"user_username":"hnsksilg","text":"@LataMaingay And Duts had the guts to blame Justice Carpio and Ambassador del Rosario on this mess even if the two were the defenders of WPS from the beginning alongside then-SolGen Florin Hilbay and his predecessor, now retired Justice Jardeleza.","favorite_count":0,"retweet_count":0,"created_at":1620182591000,"location":"Candelaria, Calabarzon"}
{"tweet_id":1389747826410680324,"user_username":"sealskull","text":"@catsinners neez duts? https:\/\/t.co\/YCVACXqlEc","favorite_count":2,"retweet_count":0,"created_at":1620176676000,"location":"he\/it\u2606white"}
{"tweet_id":1389740318560452608,"user_username":"thtoopid","text":"@iamkarendavila Doesn't Pduts have special powers to reallocate that budget to covid efforts?","favorite_count":0,"retweet_count":0,"created_at":1620174886000,"location":""}
{"tweet_id":1389738293751844864,"user_username":"ToonBR2","text":"@POLAROIDKAISER Duts","favorite_count":1,"retweet_count":0,"created_at":1620174403000,"location":""}
{"tweet_id":1389729221799407616,"user_username":"naneeerz","text":"@__dutS She just got caught up lol. Even the stronger soldiers fall \ud83d\ude4f\ud83c\udffc","favorite_count":0,"retweet_count":0,"created_at":1620172241000,"location":""}
{"tweet_id":1389725887663198208,"user_username":"__dutS","text":"@naneeerz She really played tf outta them tho \ud83d\ude06\ud83e\udd23","favorite_count":0,"retweet_count":0,"created_at":1620171446000,"location":""}
{"tweet_id":1389725683220291586,"user_username":"naneeerz","text":"@__dutS Hot girls up \ud83e\udd70\ud83e\udd70\ud83e\udd70","favorite_count":1,"retweet_count":0,"created_at":1620171397000,"location":""}
{"tweet_id":1389721321790066688,"user_username":"__dutS","text":"@dianashawty21 It\u2019s like ig live or tik tok live but you need 600 followers to use it","favorite_count":0,"retweet_count":0,"created_at":1620170357000,"location":""}
{"tweet_id":1389720052895735810,"user_username":"albert_glipo","text":"@IpeLustre Trial lawyers have an adage: If the facts are on your side, pound the facts. If the law is on your side, pound the law. If neither is on your side, pound the table. Kaya si Pduts, pound the table na lang, baka sakaling makasindak pa.","favorite_count":2,"retweet_count":0,"created_at":1620170055000,"location":"Ontario, Canada"}
{"tweet_id":1389696757165088768,"user_username":"erick_duts","text":"perfection","favorite_count":0,"retweet_count":0,"created_at":1620164500000,"location":""}
{"tweet_id":1389689619210379265,"user_username":"EzraVasquez5","text":"@rryyyaaaannnn Though I was a fan of Duts, I didn't vote for him. There was something about him during the debates that I didn't want in a president.","favorite_count":0,"retweet_count":0,"created_at":1620162799000,"location":"Cebu City, Central Visayas"}
{"tweet_id":1389676465063559169,"user_username":"__dutS","text":"Almost forgot there was a game rn lmao","favorite_count":0,"retweet_count":0,"created_at":1620159662000,"location":""}
{"tweet_id":1389668774542860288,"user_username":"OV3R_HEAD","text":"NEES DUTS","favorite_count":0,"retweet_count":0,"created_at":1620157829000,"location":"\ud83d\udca3go\ud83d\udca5counter: 3"}
{"tweet_id":1389654865362575365,"user_username":"bennakyular","text":"@daeumiya Wait is this Pduts? HHAHAHA","favorite_count":0,"retweet_count":0,"created_at":1620154513000,"location":"Waterloo, IA"}
{"tweet_id":1389653545612283909,"user_username":"phroge_exe","text":"@spams_chris JUULGLE DEEZ DUTS IN YOUR MIUTH","favorite_count":1,"retweet_count":0,"created_at":1620154198000,"location":"up ur butt and to the left"}
{"tweet_id":1389650915087593473,"user_username":"B1GN4UGHTY","text":"yo my sister is such a loser in the past 7 years she's become allergic to kriek, anything with apples in it, lactose and so much more fucking duts","favorite_count":0,"retweet_count":0,"created_at":1620153571000,"location":"khh\/krnb"}
{"tweet_id":1389639479908995075,"user_username":"ingasu_jetlife","text":"@__dutS Lmao its stupid doe how they feel entitled to the spot and nah they usually just argue, once i almost got down with this guy because of that in big bear lol","favorite_count":0,"retweet_count":0,"created_at":1620150844000,"location":"Los Angeles, CA"}
{"tweet_id":1389636601911730178,"user_username":"__dutS","text":"I bought the Apple airtags but I really want the feature that tells you exactly where it the tag is at but I need to upgrade my phone :\/","favorite_count":1,"retweet_count":0,"created_at":1620150158000,"location":""}
{"tweet_id":1389636560526532614,"user_username":"jwiini","text":"We really are just puppets in the hands of an egoist megalomaniac. Philippines deserves a leader who TRULY cares for its people and that's not you, unfortunately so. Thank you next pduts.","favorite_count":0,"retweet_count":0,"created_at":1620150148000,"location":"Eastern Visayas, Republic of t"}
{"tweet_id":1389636266883387392,"user_username":"georgie_exe","text":"it's kinda fucked up and poetic how duts was elected on the same day jon snow came back to life: a lot of hope for something good moving forward only to lead to a shit stain of an ending","favorite_count":2,"retweet_count":0,"created_at":1620150078000,"location":"innerspace"}
{"tweet_id":1389618376692076545,"user_username":"erick_duts","text":"@25millionyears @alluregagaa Thankssss\u2764\ufe0f\u2764\ufe0f","favorite_count":0,"retweet_count":0,"created_at":1620145813000,"location":""}
{"tweet_id":1389613206931480578,"user_username":"erick_duts","text":"@alluregagaa I want the link plzz","favorite_count":0,"retweet_count":0,"created_at":1620144580000,"location":""}
{"tweet_id":1389612359174348800,"user_username":"EliasSimoun","text":"@TishaCM Wait, what? So, Leticia, what do u think Duts meant when he said that? Did u believe it literally? \n\nNo, right? Only the dumb DDS believed he would literally do that, right?\n\nU r not dumb, ryt? So u know he meant that he will protect &amp; claim what is ours, right? Right??? \ud83e\udd23\ud83d\ude02\ud83e\udd23\ud83d\ude02","favorite_count":0,"retweet_count":0,"created_at":1620144378000,"location":""}
{"tweet_id":1389599244403707906,"user_username":"zero06ix","text":"Shut the fuck up Duts... #FuckOffChina","favorite_count":0,"retweet_count":0,"created_at":1620141252000,"location":"Manila, Planet Earth"}
{"tweet_id":1389586240668717057,"user_username":"historiyeahh","text":"@Ieonhardteu DUTS BADUTS\ud83d\ude2d","favorite_count":0,"retweet_count":0,"created_at":1620138151000,"location":"@aleuxandra\ud83d\udc97- Paradis \u00cdsland"}
{"tweet_id":1389583290152022023,"user_username":"__dutS","text":"@ingasu_jetlife I be thinking about those situations \ud83d\ude2d If it was in a parking lot I would just block the space so neither of us can park or on the street act like I\u2019m leaving and park fast in whatever space I can without touching the person \ud83d\ude06 do they usually get out when you tell them that??","favorite_count":1,"retweet_count":0,"created_at":1620137448000,"location":""}
{"tweet_id":1389580095484882944,"user_username":"ingasu_jetlife","text":"@__dutS Ive gotten into arguments with people cuz of that they\u2019re not a car so they cant do that first come first served","favorite_count":0,"retweet_count":0,"created_at":1620136686000,"location":"Los Angeles, CA"}
{"tweet_id":1389579604512305154,"user_username":"__dutS","text":"What would you do if there is a person physically blocking a parking \u2018saving\u2019 it for someone???","favorite_count":0,"retweet_count":0,"created_at":1620136569000,"location":""}
{"tweet_id":1389568417154297858,"user_username":"RyTheMRF","text":"I know it's not surprising, but really, it's such a case of ultimate subservience that Duts made his own foreign affairs sec say sorry to the Chinese gov't for standing up to it.","favorite_count":2,"retweet_count":0,"created_at":1620133902000,"location":"Pasay City"}
{"tweet_id":1389568274891829259,"user_username":"tommagic","text":"@iamtix95 When JA Carpio,Amb Del Rosario and JC Morales talks, their focus on issues and ideas.When PDuts talk, the focus is more of personal attacks.Thats the difference of their leadership and management style.","favorite_count":7,"retweet_count":0,"created_at":1620133868000,"location":"Quezon City, National Capital Region"}
{"tweet_id":1389562716772241408,"user_username":"erick_duts","text":"@sexygadji funny","favorite_count":0,"retweet_count":0,"created_at":1620132543000,"location":""}
{"tweet_id":1389558993048190979,"user_username":"erick_duts","text":"@levitatelove @onikaperryy ITS a perry fan \ud83d\ude2d\ud83d\ude2d\ud83d\ude2d jokeeeeeeeee\u2620\ufe0f","favorite_count":0,"retweet_count":0,"created_at":1620131655000,"location":""}
{"tweet_id":1389550556407029765,"user_username":"MaycNarciso","text":"\ud83d\ude21parang sa mga tao sa govt ni Duts,  they just accept their fate na walang magawa,  me as a Filipino i demand better.  You should NOT be in that position if you accept what it is. There are always tough options but not one dares.  #DuterteGovPalpak https:\/\/t.co\/jpr7FHejVT","favorite_count":2,"retweet_count":0,"created_at":1620129643000,"location":""}
{"tweet_id":1389547188968067072,"user_username":"wayfarer818","text":"@inquirerdotnet @InquirerUSA That's precisely why Joma Sison has been quiet all this time since Duts started heaping praises, love, kisses, and undying devotion to China. \n\nSison is ROFL.","favorite_count":0,"retweet_count":0,"created_at":1620128841000,"location":"Metro Manila, Philippines"}
{"tweet_id":1389532100169125889,"user_username":"jaymcslow","text":"Grabe pduts bai, na-gaslight tayo smh \ud83d\ude44","favorite_count":4,"retweet_count":1,"created_at":1620125243000,"location":""}
{"tweet_id":1389523812933197831,"user_username":"echotango__774","text":"@inquirerdotnet I think the Chinese is directing statement to duts...not on the DFA Secretary \ud83d\ude02\ud83d\ude02 Basic manner is NOT to own the property of others.. respect Philippinnes EEZ!","favorite_count":1,"retweet_count":0,"created_at":1620123267000,"location":"Location ____ Classified"}
{"tweet_id":1389522540268187652,"user_username":"stanejera","text":"@ABSCBNNews At this point, PDuts might just be one big troll. He can't be serious. There is just no way.","favorite_count":0,"retweet_count":0,"created_at":1620122964000,"location":"DGTE\/QC, PH"}
{"tweet_id":1389522518214643712,"user_username":"VinceDy008","text":"@ABSCBNNews Fuck you too Duts","favorite_count":0,"retweet_count":0,"created_at":1620122959000,"location":""}
{"tweet_id":1389515898227019778,"user_username":"orangesoaked","text":"my tito supports duts and my tita loves 1sk0,, total package \ud83d\ude2d","favorite_count":0,"retweet_count":0,"created_at":1620121380000,"location":""}
{"tweet_id":1389513084608393219,"user_username":"DaneEnerio","text":"duts blaming former sec. del rosario for loss of territory to xi bwahaha PUTANG INA KANG TARANTADO KA? WE WON HAGUE RULING BECAUSE HE (and former OSGs Jardeleza and Hilbay) WAS COMPETENT ENOUGH TO CHALLENGE CHINA IN COURT. ANO GAWA NG \"DIPLOMATIC PROTESTS\" NI TBL? SAGOT, PUTA KA!","favorite_count":4,"retweet_count":0,"created_at":1620120709000,"location":"somewhere in the between"}
{"tweet_id":1389508693658583040,"user_username":"peasy_A","text":"@KevinKalbo Double cringe, tbh. Duts na nga, ginormous pores pa. Shudder. https:\/\/t.co\/4nosvjnAHm","favorite_count":1,"retweet_count":0,"created_at":1620119663000,"location":"\u00dcT: 14.653045,121.106344"}
{"tweet_id":1389499530807181313,"user_username":"stu_creatorr","text":"@PinoyAkoBlog Hey Duts!!  We all know... https:\/\/t.co\/IUZjKufYi2","favorite_count":0,"retweet_count":0,"created_at":1620117478000,"location":"Osaka, Osaka, Japan"}
{"tweet_id":1389498405441871873,"user_username":"bryeian_","text":"@LazarussurazaL @lianbuan @rapplerdotcom Where is the speculation there? When those words came directly from the mouth of Pduts?","favorite_count":0,"retweet_count":0,"created_at":1620117210000,"location":"National Capital Region"}
{"tweet_id":1389487973461200900,"user_username":"shouhinkanri","text":"@odaguchiya_net shall we? aggen duts","favorite_count":1,"retweet_count":0,"created_at":1620114722000,"location":"\u300c\u64ae\u5f71\u306e\u5546\u54c1\u7ba1\u7406\u300d\u6c42\u4eba\u30b5\u30a4\u30c8\u306f\u3053\u3061\u3089"}
{"tweet_id":1389482533386035201,"user_username":"markyramonego","text":"GMA's \"First Yaya\" was actually based on Duts and Bong Go. https:\/\/t.co\/iUdZvuhWyO","favorite_count":0,"retweet_count":0,"created_at":1620113425000,"location":"Manila City, National Capital "}
{"tweet_id":1389477832468873216,"user_username":"marcosumayao","text":"Dumbest thing about all this is that Duts said it on a PRERECORDED video.\n\nThey could've just chosen *not* to include the bit where he lies about never promising to fight for our territory, but they did, and on a topic where there are SO. MANY. receipts of him saying otherwise.","favorite_count":4,"retweet_count":0,"created_at":1620112305000,"location":"Covidlandia, Philippines"}
{"tweet_id":1389477567665561608,"user_username":"pieatot","text":"@normanagleron @inquirerdotnet @DYGalvezINQ Its SOP for Duts men. Fuck up now, apologize later.","favorite_count":2,"retweet_count":0,"created_at":1620112242000,"location":"lungsod ng quezon"}
{"tweet_id":1389465886315081731,"user_username":"noelvpascual","text":"So apparently nakatanggap ng 5k bawat Pinoy sa alternate reality Earth where this Duts is from. https:\/\/t.co\/2ESKFMs6og","favorite_count":8,"retweet_count":3,"created_at":1620109456000,"location":"Marikina City"}
{"tweet_id":1389463417279242246,"user_username":"Sgn54","text":"@ABSCBNNews Oh god! Seriously? I\u2019m pretty sure locsin is so fed up now but does he have the guts to tell duts? I\u2019m not so sure about that","favorite_count":0,"retweet_count":0,"created_at":1620108868000,"location":""}
{"tweet_id":1389452404760797185,"user_username":"piecesofchi","text":"@kangseogummy as if hindi nagkalat ang mga video clips clearly showing that duts does not know how to recognize diplomacy if it him on the face with a shovel","favorite_count":0,"retweet_count":0,"created_at":1620106242000,"location":"MNL"}
{"tweet_id":1389448960012525575,"user_username":"AlEspaldon","text":"Justice Carpio to PDuts on the latter's claim that he never promised to retake the WPS: There is a term for that - grand estafa or grand larceny. Making a false promise to get 16 million vites. #DuterteSinungaling","favorite_count":8,"retweet_count":0,"created_at":1620105421000,"location":"Quezon City, NCR"}
{"tweet_id":1389436698019258368,"user_username":"noelvpascual","text":"Decades from now they'll make a movie about this period and your grandkids will ask you about Duts and you'll be like, \"no I never supported him\" but deep inside you'll be thinking \"Why was I still a freaking DDS by 2021?\"","favorite_count":2,"retweet_count":0,"created_at":1620102497000,"location":"Marikina City"}
{"tweet_id":1389423920806195203,"user_username":"awful_accurate","text":"@xSquishyTurtlex @NoLifeShaq Duts tuff man","favorite_count":0,"retweet_count":0,"created_at":1620099451000,"location":""}
{"tweet_id":1389421886929395717,"user_username":"JorgePaterno3","text":"@societyofhonor All Hail King Duts! Long live the King! Yes, this is how he runs government. He also makes it a point to show that as Imperial Majesty,  He is above the law! He addresses subjects as my People, my soldiers, my grey ships. He dispenses extra-judicial executions.","favorite_count":2,"retweet_count":0,"created_at":1620098966000,"location":""}
{"tweet_id":1389416908529700866,"user_username":"zomb1ekid","text":"Kinda fishy that Manny P\u2019s attacking Duts now after years of silence haha I smell presidency \ud83c\udf1d","favorite_count":1,"retweet_count":0,"created_at":1620097779000,"location":"Island of Misfit Toys"}
{"tweet_id":1389411086101663746,"user_username":"JaniceOnDisPlay","text":"DDS are laughing coz others believed or are holding Duts to his jetski promise to defend our country vs China. \n\nSo what exactly are you DDS holding on to? You\u2019re just enjoying the broken promises? You\u2019re proud you didn\u2019t believe him? You think you weren\u2019t fooled? K.","favorite_count":2,"retweet_count":0,"created_at":1620096391000,"location":"Philippines"}
{"tweet_id":1389406620195508224,"user_username":"Aso_ni_Juan","text":"@ABSCBNNews community pantry exist because of the duts admin's incompetence \n\nand duque is DDS HERO? \ud83d\ude1d\ud83d\ude05\ud83d\ude00\ud83e\udd23\ud83e\udd2a\ud83d\udc4a\ud83d\udca9 #duqueIsNoHero","favorite_count":0,"retweet_count":0,"created_at":1620095326000,"location":"Mars"}
{"tweet_id":1389401875825315846,"user_username":"Gaia_0407","text":"@boomboomnijosh @LovelyA28599907 @SB19Official *disesyete\n\n9 Cats - Jack the Reaper, Eurie, Hunter, Mowgui\/ Pitch Black aka Pitchy, Duts, Densio, Coco Meowlon aka Cotto, Mira at Panda\n\n2 Dogs - Viper at Puppup\n\n#DefrostSaFreezer\n\nRequesting What? by @SB19Official\n@88risingRadio @sosupersam #SUPERFANFRIDAY\n\n#SB19","favorite_count":1,"retweet_count":0,"created_at":1620094195000,"location":""}
{"tweet_id":1389397542975143936,"user_username":"69desiree69","text":"CAN PEOPLE STOP COMPARING DUTS TO DOGS??? \n\nDo u know how fucking disrespectful that is to dogs \ud83e\udd7a Look at those good boys.","favorite_count":0,"retweet_count":0,"created_at":1620093162000,"location":"ur mom's house"}
{"tweet_id":1389392147246239748,"user_username":"bigberde","text":"@PhilippineStar @onenewsph Looks like there\u2019s a looming shifting of tectonic political plates. Pacq charting his own course away from pduts. Seems like pduts will not be endorsing him but looking at other blocs. Hence, the criticism. Either to negotiate or to draw the line. More like the former, for now.","favorite_count":0,"retweet_count":0,"created_at":1620091876000,"location":""}
{"tweet_id":1389388262582546433,"user_username":"Arch_MarJoel","text":"\"When I said I would go to China on a jet ski, that's nonsense. I don't even have \u201cBALLS\u201d... It's just talk. I'm surprised you believed it.\" - PDuts https:\/\/t.co\/4eB3hahvAo","favorite_count":0,"retweet_count":0,"created_at":1620090950000,"location":"Calapan City, Mimaropa"}
{"tweet_id":1389381465515839492,"user_username":"shizaruchannn","text":"In 2016, I voted for Miriam. Didn't like Mar or Duts eh. But when Duts won, I was genuinely hopeful na baka naman mag-deliver. Kaso waley.","favorite_count":27,"retweet_count":0,"created_at":1620089329000,"location":"Chromatica"}
{"tweet_id":1389376907947364353,"user_username":"apojoe","text":"General support for Duterte is still high Hope I am wrong But how to undo a Duts?\nMaybe it takes the same method he undid PNoy and his leadership\n#DuterteInutil #DutertePalpak","favorite_count":0,"retweet_count":0,"created_at":1620088242000,"location":""}
{"tweet_id":1389349382680584193,"user_username":"RawisWar27","text":"@TrillanesSonny I totally agree with you Mr Trillanes. Vaccination of P' Duts and company happened in singapore. They do not and cannot trust sinopharm vaccines. That is why the pic has to be administered by none other than Duque himself para contained ang stage act, part 7.","favorite_count":1,"retweet_count":0,"created_at":1620081680000,"location":"National Capital Region, Repub"}
{"tweet_id":1389340391783030784,"user_username":"naviramos09","text":"Im not one of the 16M that you fooled. Kalat pa more duts..","favorite_count":0,"retweet_count":0,"created_at":1620079536000,"location":""}
{"tweet_id":1389334514028093440,"user_username":"jeremysaavedra_","text":"@ANCALERTS China giving that d to duts really good lol","favorite_count":0,"retweet_count":0,"created_at":1620078135000,"location":"Makati City, National Capital"}
{"tweet_id":1389314189370355712,"user_username":"claraangelab","text":"hahaha, kelangan pa talaga ng press\/public video release ano\n\nOur prime minister got an appointment (not cutting in line), went to a local pharmacy with his wife (hahaha with his wife nga rin pala si Pduts), got a picture like any regular citizen, that\u2019s it! https:\/\/t.co\/YV0UMjJoG9","favorite_count":3,"retweet_count":0,"created_at":1620073289000,"location":"Philippines "}
{"tweet_id":1389293963882926080,"user_username":"billyirwinduts","text":"@Kenfitzpatric16 @dunstonutsfc @Flyingpig1980 @maljames47 Brilliant ken \ud83d\udc4f\ud83d\udc4f#duts","favorite_count":1,"retweet_count":0,"created_at":1620068467000,"location":""}
{"tweet_id":1389289432402915329,"user_username":"notantonmanalo","text":"Duts lies so much he can't keep tabs of his lies anymore.","favorite_count":0,"retweet_count":0,"created_at":1620067387000,"location":""}
{"tweet_id":1389277767867400193,"user_username":"donatilano","text":"Haynako Pduts. You\u2019re not fit for the position anymore. Mentally, and physically. Promise \ud83d\ude18","favorite_count":0,"retweet_count":0,"created_at":1620064606000,"location":"Taguig City, National Capital Region"}
{"tweet_id":1389260944975360002,"user_username":"James_Arki","text":"@fontesora @ABSCBNNews For Pnoy, it was done in Jest? ...it left a bad taste. Hindi rin naman nakakatawa. For Pduts, It was his answer for a serious question (in a debate)..taken as a campaign election promise. HAy buhay.","favorite_count":0,"retweet_count":0,"created_at":1620060595000,"location":""}
{"tweet_id":1389253413792215043,"user_username":"ofcACEs_marga","text":"@vadutsssa thank you, ate duts!! \ud83e\udd0d","favorite_count":1,"retweet_count":0,"created_at":1620058799000,"location":"hacienda toreliza"}
{"tweet_id":1389241809705054212,"user_username":"sergiodiasaliq","text":"@shbzz @Rainbow6Game Duts neez\ud83d\ude33","favorite_count":0,"retweet_count":0,"created_at":1620056032000,"location":"Getafe, Spain"}
{"tweet_id":1389239147462684676,"user_username":"kingdelrosario","text":"PDuts: I never mentioned Philippines and China in my campaign.\n\nUlyanin or sinungaling? Take your pick. \ud83d\udc4a\ud83d\ude02\ud83e\udd14\ud83d\udc12\ud83d\udca9\ud83c\udf45\ud83d\udc22","favorite_count":0,"retweet_count":0,"created_at":1620055398000,"location":"Metro Manila, Philippines"}
{"tweet_id":1389239101728067591,"user_username":"AbiYuson","text":"@mikelulu19 Naisip ko lang: what if this duts is fake coz the real duts is already dead? Hmmm..","favorite_count":1,"retweet_count":0,"created_at":1620055387000,"location":""}
{"tweet_id":1389238834714406914,"user_username":"KaEnchong","text":"@MaamSyj To Duts: Just because YOU have a conflict with YOUR CRITICS does not mean to say YOU have to be rude and disrespectful!","favorite_count":5,"retweet_count":0,"created_at":1620055323000,"location":""}
{"tweet_id":1389233410510491650,"user_username":"KapitanTambay","text":"Duts: \"...don't have to be rude and disrespectful...\"\nAlso Duts: \"PUTANGINA NYO! GAGO!\"","favorite_count":14,"retweet_count":2,"created_at":1620054030000,"location":""}
{"tweet_id":1389232457040334849,"user_username":"aintHoeing","text":"its the \u2728late late night show with PDuts\u2728 again for me.","favorite_count":3,"retweet_count":0,"created_at":1620053803000,"location":"California, USA"}
