{"tweet_id":1389849661989560322,"user_username":"junjijayme165","text":"Because there is no new issue. It's still the old WPS and Covid surge issues. Nothing new. Digong only hides if there is a new problem he cannot solve. Read his biography by Earl Pare\u00f1o and understand the man. https:\/\/t.co\/8H5teZkJ3G","favorite_count":0,"retweet_count":0,"created_at":1620200956000,"location":"Metro Manila "}
{"tweet_id":1389841140266856449,"user_username":"BasilReyes12","text":"@ramboreports They need a franchise from  Congress hnd fault ni President digong yan","favorite_count":0,"retweet_count":0,"created_at":1620198924000,"location":""}
{"tweet_id":1389839920894644225,"user_username":"junjijayme165","text":"1, 2 and 5 will consolidate into one team in Oct. Manny P will proceed following a direct order from God. Lacson and Gordon will form one team. BBM will not run because Digong destroyed him in the Supreme Court. https:\/\/t.co\/fokyjSDFBZ","favorite_count":0,"retweet_count":0,"created_at":1620198633000,"location":"Metro Manila "}
{"tweet_id":1389827387118870530,"user_username":"je_escarcha","text":"SMH. Back when Digong was campaigning, he would mention a couple of times of how he \"hated\" the fact that laws in our country are not implemented fully and comes as mere \"suggestions\" to some powerful people. Fast forward to 2021 and we're still in this sorry state. https:\/\/t.co\/0IwtANkmFu","favorite_count":1,"retweet_count":0,"created_at":1620195645000,"location":"Manila!!"}
{"tweet_id":1389807664226398213,"user_username":"EricG77735447","text":"@inquirerdotnet Arent you happy you voted for digong?","favorite_count":0,"retweet_count":0,"created_at":1620190943000,"location":""}
{"tweet_id":1389805944259842056,"user_username":"_pensieve_","text":"Sometimes I want to feel bad for the lawyer who will have to explain digong's ridiculous pronouncements. His job is even tougher than new age prophets' trying to decipher ancient scriptures. But then again, I feel no pity knowing Digong has clowns for the job too. https:\/\/t.co\/3JaRQIocgz","favorite_count":2,"retweet_count":0,"created_at":1620190533000,"location":""}
{"tweet_id":1389801875902402562,"user_username":"estong27","text":"@IanEsguerra Non renewal of franchise base on evidences overwhelmingly I say. And not to please digong both legislative and executive are co equal branches and are independent- political  science 101","favorite_count":0,"retweet_count":0,"created_at":1620189563000,"location":"Pilipinas"}
{"tweet_id":1389799740271828995,"user_username":"estong27","text":"@EmpathyAdvocat1 @ABSCBNNews @ANCALERTS If a world leader accuses you of a crime its not a big thing?  You forget digong is a lawyer he will not utter accusations without evidence. Your so called critical thinking is filled with cobwebs you need to wake up and smell the air of reality","favorite_count":0,"retweet_count":0,"created_at":1620189053000,"location":"Pilipinas"}
{"tweet_id":1389785780730486789,"user_username":"tr1pnaut1k","text":"In 2017, I was doxxed by Mocha Uson. The photo where I was exposed was never a protest rally about Digong but the bitch made it appear on her FB that I was part of a conspiracy to turn against the government.","favorite_count":80,"retweet_count":12,"created_at":1620185725000,"location":"Rinavia, Aldebaran Star System"}
{"tweet_id":1389769535364894720,"user_username":"EricG77735447","text":"@PhilippineStar Typical duterte admin fuck up. Arent you SO happy you voted for digong?","favorite_count":0,"retweet_count":0,"created_at":1620181852000,"location":""}
{"tweet_id":1389768241803759617,"user_username":"EricG77735447","text":"@PhilippineStar Ang presidente lang pwede magmura. This is how low the state of governance in the country has sunk. Arent you SO happy you voted for digong?","favorite_count":1,"retweet_count":0,"created_at":1620181544000,"location":""}
{"tweet_id":1389767489832161282,"user_username":"EricG77735447","text":"@MlaStandard This is what \"To Heal As One means in rhe Philippines.\" Arent you SO glad you voted for digong?","favorite_count":0,"retweet_count":0,"created_at":1620181364000,"location":""}
{"tweet_id":1389760290137403396,"user_username":"estong27","text":"@IanEsguerra @ANCALERTS @ReutersPH Large scale estafa, tons of libelous reports, making money by airing programs without ntc approval, violating labor laws. I say digong has the goods on you","favorite_count":0,"retweet_count":0,"created_at":1620179648000,"location":"Pilipinas"}
{"tweet_id":1389714901560594434,"user_username":"superyanix","text":"@Richeydarian Same thoughts. Takot na takot sila to be in the outs sa circle ni Digong. I was also pleasantly surprised they\u2019re starting to speak out against him na. like, finally!!! But then again election season is looming. So....","favorite_count":4,"retweet_count":0,"created_at":1620168826000,"location":""}
{"tweet_id":1389681573809688578,"user_username":"SabiNiJerome","text":"He wants to get penetrated by all things China. He also let COVID-19 in by not having an early travel ban from China. Just like getting sick by forgetting to put on a condom first. \n\nConclusion? Like a dirty mistress, Digong wants to be fvcked by Xi Jinping in every possible way. https:\/\/t.co\/oTe6bifZUO","favorite_count":0,"retweet_count":0,"created_at":1620160880000,"location":"NCR+ Bubble"}
{"tweet_id":1389611895854751748,"user_username":"YlaViktorja","text":"thinking about sukidesu's digong maki\ud83d\udc45","favorite_count":0,"retweet_count":0,"created_at":1620144268000,"location":""}
{"tweet_id":1389580550352949250,"user_username":"SyLicoNgaAko","text":"Digong broke the record for the fastest viral record generating over 100 million views within 24 hours, the new single was entitled \"I Never Promised.\" https:\/\/t.co\/V5348fPJVM https:\/\/t.co\/fjsrbU9hJO","favorite_count":8,"retweet_count":1,"created_at":1620136795000,"location":"Tsimshatsui, Kowloon, HK"}
{"tweet_id":1389576664732999684,"user_username":"Doc_Raphy","text":"This is why I don't like teaching full-time. You're already paid very little and there's always unpaid overtime. Tangina niyo digong. I shouldn't be suffering like this if it weren't for your incompetent asses...","favorite_count":0,"retweet_count":0,"created_at":1620135868000,"location":"Bacacay, Albay"}
{"tweet_id":1389565745701416969,"user_username":"Simply_Clinton","text":"The world knows, digong, duque, of how excellent your covid response is... very very excellent!!! https:\/\/t.co\/JPf7vZoqs0","favorite_count":3,"retweet_count":0,"created_at":1620133265000,"location":"Baguio City, Cordillera Admin Region"}
{"tweet_id":1389564721242808321,"user_username":"FrankRaz4","text":"@cnnphilippines BOTH DDS and DIGONG","favorite_count":0,"retweet_count":0,"created_at":1620133021000,"location":""}
{"tweet_id":1389562448559050756,"user_username":"doctor_elefant","text":"@masigabo this same typa jokes was made abt leni n digong n just about anybody who looks like they posing for the cover of a paperback romance novel","favorite_count":14,"retweet_count":0,"created_at":1620132479000,"location":"[ spatial information ]"}
{"tweet_id":1389561966524391425,"user_username":"Dcuajunco","text":"@bashgita Not to mention all the \u201cthank you Tatay Digong\u201d tarps everywhere \ud83e\udd2e","favorite_count":3,"retweet_count":0,"created_at":1620132364000,"location":"Makati"}
{"tweet_id":1389558374577020939,"user_username":"rc_abulon","text":"@torre_ted 50 shades of digong","favorite_count":0,"retweet_count":0,"created_at":1620131507000,"location":"Ba Sing Se"}
{"tweet_id":1389533696080887810,"user_username":"c4lidor3","text":"Calling @BIRphilippines. You now have the green light from digong for the first shot to be fired. \ud83e\udd71 https:\/\/t.co\/xqCXoCmaOC","favorite_count":0,"retweet_count":0,"created_at":1620125624000,"location":"Pandemonium Fortress"}
{"tweet_id":1389518135993114626,"user_username":"CheCampoOpinion","text":"@ABSCBNNews Of course he is a hero to you. Duque did not immediately purchase the vaccine so we are contented with Sinovac, no choice. Now you Digong is successful with your plan because people took Sinovac all because of Duque. That's why you are calling him a hero.","favorite_count":1,"retweet_count":0,"created_at":1620121914000,"location":"philippines"}
{"tweet_id":1389511211931295744,"user_username":"Lendzai","text":"Thank you Sen. Bong Go for always taking care of Tatay Digong. \ud83d\udc95","favorite_count":2,"retweet_count":0,"created_at":1620120263000,"location":""}
{"tweet_id":1389488903426510848,"user_username":"BernieCadao","text":"@pinoyanghang Rehash of old words of Digong that never affect his trust rating...","favorite_count":3,"retweet_count":0,"created_at":1620114944000,"location":"Oklahoma City, OK"}
{"tweet_id":1389488162540457985,"user_username":"FELIXJRSANBUEN1","text":"@lahingpnoy STUPID IDIOTIC FOOL THIS ONE IS BUT NOW CARRYING HIS OWN BANKO CHAIR AND THEN FISHING FILIFINO VOTES ONCE MORE THIS COMING 2022 NATIONAL ELECTION BUT DAMPED BY DIGONG IN THE END NOW THAT HIS AND THEIR SHIPS ARE SINKING FAST! https:\/\/t.co\/tImU4PYI7R","favorite_count":0,"retweet_count":0,"created_at":1620114768000,"location":""}
{"tweet_id":1389487743416291330,"user_username":"BernieCadao","text":"@iskonglasalista They are blaming Digong for their failures https:\/\/t.co\/NvZvdhOIDN","favorite_count":6,"retweet_count":2,"created_at":1620114668000,"location":"Oklahoma City, OK"}
{"tweet_id":1389478723020337159,"user_username":"issa_kitkat","text":"\u00b3% \u1d40\u1d34\u1d49 \u1d50\u1d52\u02b3\u1d49 \u1d41 \u02b0\u1d43\u1d57\u1d49 \u1d40\u1d2c\u1d40\u1d2c\u02b8 \u1d30\u1d35\u1d33\u1d3c\u1d3a\u1d33 \u2079\u2077% \u1d57\u02b0\u1d49 \u1d50\u1d52\u02b3\u1d49 \u02b7\u1d49 \u02e1\u1d52\u1d5b\u1d49 \u1d38\u1d3c\u1d38\u1d3c \u1d30\u1d35\u1d33\u1d3c\u1d3a\u1d33  \u1d39\u1d2c\u02b8 \u1d2c\u1d3a\u1d33\u1d2c\u1d38","favorite_count":9,"retweet_count":1,"created_at":1620112517000,"location":"Governorate of Tabuk Umluj KSA"}
{"tweet_id":1389475069127237636,"user_username":"OpinYonNews","text":"President Rodrigo Duterte has finally taken the ultimate step and had himself vaccinated against Covid-19\n#dutertevaccinated #OpinYon #WeTakeAStand #OyWeTakeAStand \n\nhttps:\/\/t.co\/RcDamZBEZe","favorite_count":0,"retweet_count":0,"created_at":1620111646000,"location":""}
{"tweet_id":1389467410361577480,"user_username":"Maverick112018","text":"Manny, you left Digong for Binay last 2016 because you thought Binay was a sure. When Digong won, you projected yourself as an ally because of his popularity. Now, you are again veering away thinking that the other side can win. We know your move. \n#Ambisyoso #Traydor #SaBong2022","favorite_count":1,"retweet_count":0,"created_at":1620109820000,"location":"Republic of the Philippines"}
{"tweet_id":1389462382129434626,"user_username":"c4lidor3","text":"Whenever we mention digong's mishaps and incompetence, including those of his minions and operators, let's also highlight the achievements and hard work our VP has been doing.  We're not only criticizing, but also promoting and encouraging decency. \ud83c\uddf5\ud83c\udded","favorite_count":2,"retweet_count":0,"created_at":1620108621000,"location":"Pandemonium Fortress"}
{"tweet_id":1389455219327602696,"user_username":"armanddc","text":"\u201cI would stake that claim.\u201d\n\nFurther proof that Digong\u2019s words mean nothing, and by the same logic, kung DDS ka pa rin ay bobo ka tang ina mo. https:\/\/t.co\/FcdXvc3Sfb","favorite_count":0,"retweet_count":0,"created_at":1620106913000,"location":"Pasig City"}
{"tweet_id":1389438950893182977,"user_username":"geniusdaemon","text":"@rapplerdotcom Oh how they dirty up the word. We do know what compassion really is. A recent example is the community pantries everywhere.\n\nLive long, Digong. We'll put you behind bars for the rest of your life.","favorite_count":0,"retweet_count":0,"created_at":1620103035000,"location":"Malolos City, Bulacan"}
{"tweet_id":1389438918789984257,"user_username":"EricG77735447","text":"@inquirerdotnet Did digong just concede our territory to the chinese?! If so, we are letting him get away with this?!","favorite_count":0,"retweet_count":1,"created_at":1620103027000,"location":""}
{"tweet_id":1389436322712932354,"user_username":"MalenaPetmalu","text":"@rapplerdotcom Compassionate use is for dying patients who have no other choice but to try experimental drugs. Are you dying Digong? i actually hope you are","favorite_count":1,"retweet_count":0,"created_at":1620102408000,"location":""}
{"tweet_id":1389428855652241414,"user_username":"HinolanYu","text":"Even the Ivermectin issue IS BEING POLITICIZED BY THE digongTeam COZ AYAW NI digong MATALO SI marcoleta-defensor TANDEM SA 2022 ELECTIONS.","favorite_count":0,"retweet_count":0,"created_at":1620100628000,"location":"Rep\u00fablica de Filipinas"}
{"tweet_id":1389425115356569602,"user_username":"FrankRaz4","text":"@chiarazambrano Digong and the DDS are Satan's Tumors, Interns from Hell, Society's Decays","favorite_count":0,"retweet_count":0,"created_at":1620099736000,"location":""}
{"tweet_id":1389424857511727108,"user_username":"FrankRaz4","text":"@thatkidastra Turtles are too cute to be placed in his level. Hahaha. Digong, the Dying President","favorite_count":1,"retweet_count":0,"created_at":1620099674000,"location":""}
{"tweet_id":1389419985898905608,"user_username":"rainbow06406065","text":"Duque is China\u2019s hero \ud83e\uddb8\u200d\u2640\ufe0f for successfully using the COVID-19 to make the people sick &amp; die when he &amp; Digong allowed Chinese carriers to enter the country from Jan to March 2020 at the height of the Virus infection outside of Wuhan, China. Digong must stop misleading the people.! https:\/\/t.co\/rwNYin2OqG","favorite_count":0,"retweet_count":0,"created_at":1620098513000,"location":""}
{"tweet_id":1389419016486227969,"user_username":"HinolanYu","text":"Digong continues to publicly lie,to be illegal &amp; to be an immoral President of the Philippines!","favorite_count":0,"retweet_count":0,"created_at":1620098282000,"location":"Rep\u00fablica de Filipinas"}
{"tweet_id":1389416505918427137,"user_username":"etosiecnal","text":"I love how Tatay Digong was really proud of DPWH Sec. MarkVollar dahil sa mga accomplishments niya for the benefit of our nation and our people.\n\n\"Sec. Mark Villar, you are truly a Filipino. On behalf of our nation, on behalf of our people. Maraming Salamat Po.\"\n- Tatay Digong\ud83d\udc4a\ud83c\udffc","favorite_count":5,"retweet_count":0,"created_at":1620097683000,"location":"National Cap. Region"}
{"tweet_id":1389414480040235009,"user_username":"smallbillpolo","text":"starting my day looking at Pacquiao calling out Digong. man i\u2019m seeing change.","favorite_count":3,"retweet_count":0,"created_at":1620097200000,"location":"Chua A"}
{"tweet_id":1389414328131063809,"user_username":"Julitamc2","text":"@FrankRaz4 @chiarazambrano Do you really believe that we expect Digong to give us hugs and kisses? \nYou\u2019re fooling yourself.\nHim providing the country with infrastructures and trying to get rid of oligarchs are more than enough. The fact that he made you angry is more than enough for me\ud83d\ude02\ud83e\udd2a","favorite_count":1,"retweet_count":0,"created_at":1620097164000,"location":""}
{"tweet_id":1389409014476263425,"user_username":"BernieCadao","text":"The Dilawans who always attacked Digong on the business of Dennis Uy of being a sacred cow, now what can you say on his business situation.\n\nIf Digong us keeping his billions daw in Uy's business interests maybe Uy is having no problem\n\nhttps:\/\/t.co\/mQIqZp0wOE","favorite_count":0,"retweet_count":0,"created_at":1620095897000,"location":"Oklahoma City, OK"}
{"tweet_id":1389406529867026436,"user_username":"marcoantolin","text":"@DrTonyLeachon \nReality- digong\nEquality- LGU\nEquity - HCW\nLiberation - community pantry","favorite_count":0,"retweet_count":0,"created_at":1620095305000,"location":""}
{"tweet_id":1389403440934047745,"user_username":"rainbow06406065","text":"I have a dream \ud83d\ude34 I wish it will come true. GOD Stopped the killings of the youths &amp; the innocents \ud83d\ude07. I prayed to GOD to Save our Country from Digong &amp; his cohorts &amp; for Digong to set us free. I prayed once more for GOD to give us back our WPS &amp; EEZ &amp; for China to stay away.Amen","favorite_count":2,"retweet_count":0,"created_at":1620094568000,"location":""}
{"tweet_id":1389398256342376452,"user_username":"venomdippednib","text":"@ABSCBNNews Hay, Digong. Is that the best you can do? Be a man; be a president; be a leader. Don't be a doggie of China #DutertePalpak #DuterteInutil #DuterteDuwag #ChinaLayas #AtinAngPinas #DefendWPS #OustDuterte","favorite_count":0,"retweet_count":0,"created_at":1620093332000,"location":"Asia"}
{"tweet_id":1389393492653260801,"user_username":"franz_espina","text":"@inquirerdotnet @DYGalvezINQ you're mandated by the constitution, swore an oath...you should at least tried . tama na boladas mo digong","favorite_count":0,"retweet_count":0,"created_at":1620092196000,"location":""}
{"tweet_id":1389391832488898561,"user_username":"MarkCadss","text":"Nag eexit strategy na si Great Lord Digong, the best president of the universe","favorite_count":0,"retweet_count":0,"created_at":1620091801000,"location":""}
{"tweet_id":1389389669750632450,"user_username":"junjijayme165","text":"4 out of 5 voters will elect Digong again if he is allowed to run. https:\/\/t.co\/l4hU0YIvaP","favorite_count":1,"retweet_count":0,"created_at":1620091285000,"location":"Metro Manila "}
{"tweet_id":1389387848957120513,"user_username":"djmotwister","text":"So the narrative this #Du30 admin is pushing for the upcoming election is \u201cChina Get Out\u201d \u2014 after 5 years of Digong massaging China scrotum. He\u2019s a China fanboy, and so are his guys. Even fake tough Manny is in on it. Let the bullshit circus begin. \ud83c\udde8\ud83c\uddf3","favorite_count":271,"retweet_count":36,"created_at":1620090851000,"location":"BlackPink In Your Area"}
{"tweet_id":1389379949551767554,"user_username":"RainbowTravelr","text":"@chuckiedreyfus \"Si Digong pa rin ang best president of the solar system!\"","favorite_count":0,"retweet_count":0,"created_at":1620088968000,"location":"Marquinton, Marikina City"}
{"tweet_id":1389379859684597762,"user_username":"RainbowTravelr","text":"\"Si Digong pa rin ang best president of the solar system!\" https:\/\/t.co\/FqgdO134uC","favorite_count":6,"retweet_count":2,"created_at":1620088946000,"location":"Marquinton, Marikina City"}
{"tweet_id":1389379488945823744,"user_username":"ruru_xin","text":"stupid fuck digong https:\/\/t.co\/nO2Fvt07Ah","favorite_count":1,"retweet_count":0,"created_at":1620088858000,"location":"Somewhere"}
{"tweet_id":1389377494055198723,"user_username":"ViejoJustin","text":"@PTVph Keep safe always, Tatay Digong \u2764\ufe0f\ud83c\uddf5\ud83c\udded","favorite_count":0,"retweet_count":0,"created_at":1620088382000,"location":"Republic of the Philippines"}
{"tweet_id":1389377267525210116,"user_username":"ArmonkBurgers","text":"@UnangHirit gago! that was after he asked @SenGracePOE what she will do when one morning she woke up philippines was invaded by china!  and digong was being funny that time. he never mentioned china in his campaign! @UnangHirit replay mo yung buong video! and all his campaign sorties!","favorite_count":0,"retweet_count":0,"created_at":1620088328000,"location":"Manila City, National Capital Region"}
{"tweet_id":1389376664988229638,"user_username":"ArmonkBurgers","text":"@UnangHirit @gmanews that's true  china issue was only brought up when he asked @SenGracePOE what to do if she woke up one morning, and philippines was invaded by china, and knowing Digong always sarcastic he answered he will take a speed boat to china! he never campaigned that he will reclaim it!","favorite_count":0,"retweet_count":0,"created_at":1620088184000,"location":"Manila City, National Capital Region"}
{"tweet_id":1389370899166597126,"user_username":"brockleeMC","text":"President Digong appreciating Sec Karl Chua \u2764\ufe0f https:\/\/t.co\/HAnJYuhMC9","favorite_count":2,"retweet_count":0,"created_at":1620086810000,"location":"Quezon City"}
{"tweet_id":1389370239880601603,"user_username":"itradeph","text":"Philippine President Duterte receives first dose of Sinopharm's COVID-19 vaccine\n\nPresident Digong received his first dose of Sinopharm's vaccine against COVID-19 on Monday (May 3)  to encourage reluctant Filipinos to get inoculated and help stop the spread of the virus https:\/\/t.co\/xH9ixdDHYS","favorite_count":4,"retweet_count":1,"created_at":1620086653000,"location":" iTradePro "}
{"tweet_id":1389362453612437505,"user_username":"AteNyongNoName","text":"The three best presidents are Mambo, Apo Lakay, and Tay Digong, really, but I could not point out who the best among the three is, for they all ruled in different times. Situations are different. One term is more advantageous than the other. But what made them best in common is https:\/\/t.co\/1PWPjCZ8AK","favorite_count":4,"retweet_count":1,"created_at":1620084796000,"location":""}
{"tweet_id":1389355524349566976,"user_username":"MisterCrab888","text":"Is it true? DIGONG GOT VACCINATED WITH (SINOP)HARM?? More! UnliDose &lt;of Kapahamakan&gt; please","favorite_count":1,"retweet_count":0,"created_at":1620083144000,"location":"Metro Manila"}
{"tweet_id":1389353720593387520,"user_username":"c4lidor3","text":"If digong hears this, BIR will have it\u2019s hands full. \ud83e\udd71 https:\/\/t.co\/0FtvoTl5Bt","favorite_count":2,"retweet_count":0,"created_at":1620082714000,"location":"Pandemonium Fortress"}
{"tweet_id":1389342860231659520,"user_username":"jenzhotty02","text":"@ABSCBNNews Duterte is a living example that sometimes bad excels against good. In Duterte's time, the word PUTANG INA is too common that DDS sometimes defines it as food for their thought. I can't give him the title of the President,at least let the holiness of the word separated to Digong.","favorite_count":31,"retweet_count":3,"created_at":1620080125000,"location":""}
{"tweet_id":1389341076628992002,"user_username":"ThNewColossus","text":"good morning except kay digong.","favorite_count":5,"retweet_count":0,"created_at":1620079700000,"location":"LandThatILove:Farewell JRizal "}
{"tweet_id":1389339626880393216,"user_username":"ilong_digong","text":"@inquirerdotnet It is hard to trust a traitor disguising love for the country. Not anymore, true colors showed. You made Philippines as a province of China in broad day light, in every speeches you made and making. Philippines is the only country I have and it's NOR FOR SALE.","favorite_count":0,"retweet_count":0,"created_at":1620079354000,"location":""}
{"tweet_id":1389321482447118336,"user_username":"chel2214","text":"@Stephen61811357 @MannyPacquiao Evil si Digong? Once in a while before you say anything against your hated person, MANALAMIN KA MUNA BAKA IKAW ANG EVIL!","favorite_count":0,"retweet_count":0,"created_at":1620075028000,"location":""}
{"tweet_id":1389272557816205314,"user_username":"rainbow06406065","text":"Digong is CHINA\u2019S TROJAN HORSE IN CONNIVANCE WITH PDP-Laban under Coco Pimentel, Manny Pacquiao, Cayetano, Bong Go etc. these are the traitors . Remember Guys, these people received funding from China para sure winner sina Digong.","favorite_count":1,"retweet_count":1,"created_at":1620063363000,"location":""}
{"tweet_id":1389270596542894080,"user_username":"mrk_anth","text":"convincing sara to run for the presidential post while digong for the vp office was genuine. Seems like he is becoming more like a trapo now than a boxing superstar turned into a politician who is prone to manipulation.","favorite_count":0,"retweet_count":0,"created_at":1620062896000,"location":""}
{"tweet_id":1389266243790589958,"user_username":"CharmingVirago","text":"Stay safe and healthy po Tatay Digong! We love you po. We need your brave and good governance for the Filipino people! \ud83d\ude4f\ud83d\udc4a\ud83d\udc4a https:\/\/t.co\/mV0GkBWVSJ","favorite_count":9,"retweet_count":1,"created_at":1620061858000,"location":""}
{"tweet_id":1389263662309773316,"user_username":"rainbow06406065","text":"If removing Digong from his Presidency is the only way to attain peace and unity among the Filipino people, then we beg from the HEAVENLY FATHER ALMIGHTY GOD, To come and rescue the Filipino people from Digong, China\u2019s Trojan Horse, this we fervently pray in JESUS\u2019 Name. Amen.","favorite_count":2,"retweet_count":0,"created_at":1620061243000,"location":""}
{"tweet_id":1389262741781696514,"user_username":"IpeLustre","text":"\"Digong is hurting from the West Philippine Sea issue. He knows he is cornered. Now, he is reduced to a barking dog ang nothing more. Don\u2019t be rude to China. He's nothing but a defender of Xi. He'll block Western vaccines so Pnoys will be told only China helped.\" -Typhoon Estong","favorite_count":528,"retweet_count":136,"created_at":1620061023000,"location":"Republic of the Philippines"}
{"tweet_id":1389259822881677314,"user_username":"rainbow06406065","text":"LORD GOD OF MERCY &amp; COMPASSION, WE BEG THEE, As we suffer all these treacherous actions of Digong, to please defend us &amp; stop Digong now. We implore thee, to please by thy love\u2764\ufe0f to thy beloved Son, Our LORD JESUS CHRIST remove Digong, if this is the only way we will attain peace https:\/\/t.co\/6Eq6SXzGlE","favorite_count":3,"retweet_count":1,"created_at":1620060327000,"location":""}
{"tweet_id":1389259378365186053,"user_username":"paoloabd","text":"Never forget. Shit happens when digong happened. https:\/\/t.co\/Ip4MQgHDYe","favorite_count":1,"retweet_count":0,"created_at":1620060221000,"location":""}
{"tweet_id":1389250547773890560,"user_username":"nhoweh","text":"Rare video of digong riding the jet ski sa ilog pasig cause he cant remember that he promises anything about the issues in WPS\n#DuterteTraydor https:\/\/t.co\/Ef8OgWTXpS","favorite_count":0,"retweet_count":0,"created_at":1620058116000,"location":"Lipa City, Batangas"}
{"tweet_id":1389247144687587329,"user_username":"iskonglasalista","text":"By receiving that first dose of the COVID-19 vaccine that was developed by State-owned pharma firm Sinopharm instead of other vaccines, Digong seemed to have sent a subtle message to the Chinese government at a time when there is tension at South China Sea.\n\n\"I trust you.\"","favorite_count":28,"retweet_count":4,"created_at":1620057304000,"location":"Singapore"}
{"tweet_id":1389245912300462081,"user_username":"julesguiang","text":"Not sure if he\u2019s a filter or a watermark in Digong\u2019s life. https:\/\/t.co\/jBZu8h6zGx","favorite_count":40,"retweet_count":2,"created_at":1620057011000,"location":"Manila, Philippines"}
{"tweet_id":1389240101780082688,"user_username":"Jmg777Jr","text":"@iampinglacson 99% of us Filipinos are United in defending our sovereignty and sovereign rights against China on the WPS. The only problem unfortunately is Digong Duterte who is mandated to do so by his position as President and his cohorts (we know them) are not inclined to defend it. COWARDS!","favorite_count":0,"retweet_count":0,"created_at":1620055625000,"location":""}
{"tweet_id":1389223791880933376,"user_username":"Vange0409","text":"@_QuePasaChica_ Wait did you just say Fake News? yeah you\u2019re right.Those  who are soreading Fake News will gee karma.Starting from you Bong Go and Mocha Uson and all of Your Anito Digong\u2019s alipores.","favorite_count":1,"retweet_count":0,"created_at":1620051737000,"location":""}
{"tweet_id":1389219534746398721,"user_username":"buzzlightyear58","text":"@AMFChina Finally someone has the balls to stand up to China in the complete absence of leadership from \"jetski hero\" Digong, who cannot and will not due to his permanent obsequious kow-towing to Xi Jinping.","favorite_count":0,"retweet_count":0,"created_at":1620050722000,"location":"USA"}
{"tweet_id":1389218130174509060,"user_username":"aymlloyd","text":"@iristaaffeite When digong gets o-worded char","favorite_count":0,"retweet_count":0,"created_at":1620050387000,"location":"Davao x Kabacan"}
{"tweet_id":1389216023618879496,"user_username":"perrosalir","text":"im watching #DeathNote and Light reminds me of Tatay Digong \ud83d\ude11","favorite_count":0,"retweet_count":0,"created_at":1620049885000,"location":""}
{"tweet_id":1389195547790118915,"user_username":"kwafka","text":"he really just called du30 \"tatay digong\"...still pushing this narrative despite the fact that he has shown he is anything but fatherly ? \ud83e\udd14 https:\/\/t.co\/jAEo5NOUnM","favorite_count":0,"retweet_count":0,"created_at":1620045003000,"location":"Taipei"}
{"tweet_id":1389193854838984708,"user_username":"joyseulo","text":"irls getting emotional on main god i miss my friends \ud83d\udc94 tangina mo digong \ud83d\ude2d","favorite_count":0,"retweet_count":0,"created_at":1620044599000,"location":"she\/her"}
{"tweet_id":1389184145931194373,"user_username":"yajiiik","text":"The concept of \"utang na loob\" is the root of all problems in this fucking world. An example to this : Digong may utang na loob sa china","favorite_count":1,"retweet_count":0,"created_at":1620042284000,"location":"ria"}
{"tweet_id":1389174918051291137,"user_username":"KagawadSaffy","text":"Digong to be vaccinated tonight with the Sinopharm vaccine.","favorite_count":0,"retweet_count":0,"created_at":1620040084000,"location":"Lungsod ng Marawi, Nagsasarili"}
{"tweet_id":1389172500743983104,"user_username":"mrlucks","text":"@TeddyBaguilatJr Digong does his motorcycling in the evening, Roque says. Lie, he sleeps all day and night.\ud83d\ude2f","favorite_count":0,"retweet_count":0,"created_at":1620039508000,"location":"NJ, USA"}
{"tweet_id":1389167426659524608,"user_username":"jungwonlight","text":"OMG WAITING KAY DIGONG &lt;33333","favorite_count":0,"retweet_count":0,"created_at":1620038298000,"location":" jen"}
{"tweet_id":1389163859202641921,"user_username":"rggcpa","text":"@ToniSpeakEasy @BusinessMirror No end in sight.  The funds for the 2022 election are already being amassed. No stone left unturned.  Every centavo counts otherwise Digong is gonna go to jail.","favorite_count":2,"retweet_count":0,"created_at":1620037448000,"location":""}
{"tweet_id":1389159707122626562,"user_username":"real_GreggyA","text":"@News5PH They better keep digong from taking planes from now on. Just to be safe.","favorite_count":0,"retweet_count":0,"created_at":1620036458000,"location":"Bacolod City, Western Visayas"}
{"tweet_id":1389146249916338178,"user_username":"playamoth","text":"@societyofhonor I really think what this nation needs is a cursing firebrand in the vernacular who would put DU30 to task. If Digong peppers his statements with Putang Ina, this guy would be Puking Ina Mo! He be based abroad far from his assassins.","favorite_count":0,"retweet_count":0,"created_at":1620033249000,"location":""}
{"tweet_id":1389116729327067145,"user_username":"siquey665","text":"Oooh... someone's about to get spanked by the the Chinese ambassador to the Philippines. \n\nI mean, by Digong. \n\nLaglagan na itey! https:\/\/t.co\/sGnhP9kdmt","favorite_count":2,"retweet_count":0,"created_at":1620026211000,"location":"Pilipinas"}
{"tweet_id":1389106088369213440,"user_username":"BooChiKee","text":"@cnnphilippines @eimorpsantos My gosh, @MannyPacquiao . With due respect, Senator, you can't advance yourself by stepping on others (sa loob lang ng ring yan), especially by throwing under the bus Digong, who is supposed to be your friend.  Or, natuto ka na rin na gumalaw TraPo?\nAmbition talaga blinds.","favorite_count":0,"retweet_count":0,"created_at":1620023674000,"location":"Metro MaNiLa"}
{"tweet_id":1389090942452486146,"user_username":"c4lidor3","text":"How do you reconcile that digong allowed them to fish in our EEZ?\nhttps:\/\/t.co\/TJjpQTk2O1 https:\/\/t.co\/WAxXQ7cut2","favorite_count":2,"retweet_count":0,"created_at":1620020063000,"location":"Pandemonium Fortress"}
{"tweet_id":1389065509887373313,"user_username":"spy_digong","text":"Message request","favorite_count":0,"retweet_count":0,"created_at":1620013999000,"location":""}
{"tweet_id":1389063803208445953,"user_username":"reyangelooow","text":"That wasn't digong, that was patricia. https:\/\/t.co\/PA9COH8NW9","favorite_count":0,"retweet_count":0,"created_at":1620013592000,"location":"Sto. Tomas, Davao Region"}
{"tweet_id":1389055988200734730,"user_username":"EricG77735447","text":"@inquirerdotnet Digong knows things? That's news to me &amp; a lot of Filipinos.","favorite_count":0,"retweet_count":0,"created_at":1620011729000,"location":""}
{"tweet_id":1389049311221088258,"user_username":"snapfire5","text":"@News5PH Yes. Abg accomplishments ni Digong is greater than the 3 pst presidents combined.","favorite_count":1,"retweet_count":0,"created_at":1620010137000,"location":""}
{"tweet_id":1389034649037406208,"user_username":"kotomba431C","text":"This is Good News ! Salamat Tatay Digong \ud83d\ude4f\ud83d\ude4f https:\/\/t.co\/soGMc1D3EN","favorite_count":14,"retweet_count":2,"created_at":1620006642000,"location":""}
