{"tweet_id":1395973554617733121,"user_username":"metamnemosyne","text":"The sort of political non-engagement that would keep getting us leaders like Duts. When will polite society wake up &amp; see that the mass of destitution around them that they can cocoon themselves against is the majority? And that what they demand is radical change &amp; justice?. https:\/\/t.co\/SxninuzYal https:\/\/t.co\/ozUK8UeCzV","favorite_count":4,"retweet_count":1,"created_at":1621661006000,"location":"\ud83c\udded\ud83c\uddf0\ud83c\uddf5\ud83c\udded\ud83c\udf0awhere the sea sleeps","hashtags":[]}
{"tweet_id":1395960104063684608,"user_username":"GeorgiaClaro3","text":"@dairo_fernando @ABSCBNNews Pduts friend\/ benefactor. What else is new? He promised clean government.","favorite_count":1,"retweet_count":0,"created_at":1621657799000,"location":"","hashtags":[]}
{"tweet_id":1395955179887992837,"user_username":"mrSagittanius","text":"@dreamnaplol neez duts","favorite_count":0,"retweet_count":0,"created_at":1621656625000,"location":"layout by @mcyttlayouts","hashtags":[]}
{"tweet_id":1395923142862807041,"user_username":"Aso_ni_Juan","text":"@rapplerdotcom in the absence of Duts in the list doesn't mean that duts did a good job in Ph #dutertepalpak parin compare to leaders who are successful in dealing with the covid pandemic \ud83d\ude1d\ud83d\ude05\ud83d\ude00\ud83e\udd2a\ud83e\udd23\ud83d\udc4a\ud83d\udca9","favorite_count":0,"retweet_count":0,"created_at":1621648986000,"location":"Mars","hashtags":[{"text":"dutertepalpak","indices":[94,108]}]}
{"tweet_id":1395919229279342593,"user_username":"__dutS","text":"Wth happened to pudgy woke!???","favorite_count":0,"retweet_count":0,"created_at":1621648053000,"location":"","hashtags":[]}
{"tweet_id":1395907687720701952,"user_username":"gaydongpyo1","text":"i thought it said neez duts https:\/\/t.co\/YNNNrbD81t","favorite_count":2,"retweet_count":0,"created_at":1621645302000,"location":"bae hoyoung","hashtags":[]}
{"tweet_id":1395907351316623365,"user_username":"Time2Mourn","text":"@rsurtida @benign0 The CPP-NPA-NDF? Definitely commies\nThe Americans? Commies.\nThe rest of the world who hates Duts? Commies.\nThe Chinese COMMUNIST Party, though? https:\/\/t.co\/WwOEJaoUlm","favorite_count":0,"retweet_count":0,"created_at":1621645221000,"location":"\u59a3\u570b","hashtags":[]}
{"tweet_id":1395906345761599489,"user_username":"Time2Mourn","text":"@rsurtida @benign0 The poor? Commies.\nWorkers? Commies.\nTheir employers? Commies.\nCollege students? Commies.\nArtists of all kinds? Commies.\nEveryone opposed to Duts? Commies.\nThe fisherfolk? Commies.\nThe farmers? Commies.","favorite_count":0,"retweet_count":0,"created_at":1621644982000,"location":"\u59a3\u570b","hashtags":[]}
{"tweet_id":1395903344275828737,"user_username":"V0nster","text":"@DEPRADATlON neez duts","favorite_count":0,"retweet_count":1,"created_at":1621644266000,"location":"ATOP THE PAGE","hashtags":[]}
{"tweet_id":1395901499805421569,"user_username":"distrofina","text":"Gastric apparatus:\nPancreas policistic illness. Pancreatic duts are occluded.\nSubstitution fibrotic tissue that leads to:\n- recurrent pancreatitis;\n- pancreatic insufficiency;\n- diabetes, when it involves endocrine pancreas.","favorite_count":0,"retweet_count":0,"created_at":1621643826000,"location":"","hashtags":[]}
{"tweet_id":1395868547214155781,"user_username":"Nosstalgic","text":"@cursedtirs lock nees duts","favorite_count":1,"retweet_count":0,"created_at":1621635970000,"location":"Philadelphia, PA","hashtags":[]}
{"tweet_id":1395838919627902978,"user_username":"ILVEsports","text":"Here are our rosters that already signed up for @EUCCgg Season 9\n\nILV Crimson\n\n\ud83d\ude97 @iMischunja (Captain)\n\ud83d\ude97 @HawkyRl\n\ud83d\ude97 Duts\n\ud83d\ude97 Steef96 (Sub)","favorite_count":7,"retweet_count":3,"created_at":1621628906000,"location":"Europe","hashtags":[]}
{"tweet_id":1395837064193658880,"user_username":"lovablejiminie","text":"@gracyuwu neez duts","favorite_count":0,"retweet_count":0,"created_at":1621628464000,"location":"","hashtags":[]}
{"tweet_id":1395831076115947520,"user_username":"sistermusan","text":"@JudgeMyVow neez duts","favorite_count":0,"retweet_count":0,"created_at":1621627036000,"location":"probably at fucking work","hashtags":[]}
{"tweet_id":1395775560954130433,"user_username":"Dennis74665495","text":"@StevenRogge @Dsoenens Hou keer u muile duts","favorite_count":0,"retweet_count":0,"created_at":1621613800000,"location":"Overal en nergens","hashtags":[]}
{"tweet_id":1395763487268290566,"user_username":"jensen_chuah","text":"neez duts","favorite_count":0,"retweet_count":0,"created_at":1621610922000,"location":"","hashtags":[]}
{"tweet_id":1395761882955403269,"user_username":"brickfighter13","text":"@p3enjoyer @SpecterYagami I thought it said Duts Seez","favorite_count":0,"retweet_count":0,"created_at":1621610539000,"location":"Laredo, TX","hashtags":[]}
{"tweet_id":1395739175706533893,"user_username":"khaenriahpr1nce","text":"@scvraz Neez duts","favorite_count":0,"retweet_count":0,"created_at":1621605125000,"location":"screaming in my room probably","hashtags":[]}
{"tweet_id":1395723648128884745,"user_username":"kingdelrosario","text":"I find this Bong Go v Drilon funny but at least he is now staying in his lane. He was elected as Senator for some reason after all. Hope he stops acting as a member of the executive branch na tagapayong taga-selfie asungot sa IATF and first lady ni Pduts \ud83d\udc4a\ud83d\ude02\ud83e\udd14\ud83d\udc12\ud83d\udca9\ud83c\udf45\ud83d\udc22","favorite_count":2,"retweet_count":1,"created_at":1621601423000,"location":"Metro Manila, Philippines","hashtags":[]}
{"tweet_id":1395722443394740226,"user_username":"Aso_ni_Juan","text":"@ABSCBNNews i think this is duts response to the japanese prime minister and australian govt expressing their support to the country WPS against duts master china you know na chinese philippine president duterte\ud83d\ude1d\ud83d\ude05\ud83d\ude00\ud83e\udd23\ud83e\udd2a\ud83d\udc4a\ud83d\udca9","favorite_count":0,"retweet_count":0,"created_at":1621601136000,"location":"Mars","hashtags":[]}
{"tweet_id":1395718396432449539,"user_username":"okkotoge","text":"@qiusawako STOP SAYIG DEEZ DUTS OR ILL BURN UR CHARACTER IF WE EVER COOP.","favorite_count":1,"retweet_count":0,"created_at":1621600171000,"location":"mw qiusawako","hashtags":[]}
{"tweet_id":1395704927276707843,"user_username":"arnoldragub","text":"@datumx11 I'm a Bikolano and my bet is Robredo for President. Si duts water boy only. https:\/\/t.co\/FOHRUfgY7r","favorite_count":3,"retweet_count":1,"created_at":1621596960000,"location":"England, United Kingdom","hashtags":[]}
{"tweet_id":1395685913825452034,"user_username":"OV061","text":"@kakiep83 @misskakiep Thanks Pduts!!!","favorite_count":0,"retweet_count":0,"created_at":1621592427000,"location":"","hashtags":[]}
{"tweet_id":1395648061188177923,"user_username":"blupabs","text":"@raissawriter Asked Pduts, obviously it is a NO!","favorite_count":0,"retweet_count":0,"created_at":1621583402000,"location":"Abu Dhabi","hashtags":[]}
{"tweet_id":1395640836659032064,"user_username":"iwwt_water","text":"Congratulations to Prof. Bux,  Director of the IWWT at the Durban University of Technology who was recently awarded the Senior Fellow Membership of the Water Institute of Southern Africa award. @BuxFaizal @DrSheenaKumari2  @NRF_News @DUT_Tweets @dsigovza \nhttps:\/\/t.co\/To9c2zjS6T","favorite_count":7,"retweet_count":4,"created_at":1621581679000,"location":"Durban","hashtags":[]}
{"tweet_id":1395635897932992523,"user_username":"iamph1371","text":"@reyes_caloy Duts","favorite_count":0,"retweet_count":0,"created_at":1621580502000,"location":"","hashtags":[]}
{"tweet_id":1395620533522206720,"user_username":"kimchihoney05","text":"@PhilippineStar @latest_chika with duts and his trolls ,who would want to live in the Philippines if they have the chance not to?","favorite_count":2,"retweet_count":0,"created_at":1621576839000,"location":"","hashtags":[]}
{"tweet_id":1395619708485787648,"user_username":"__dutS","text":"Can someone explain discord to me?","favorite_count":0,"retweet_count":0,"created_at":1621576642000,"location":"","hashtags":[]}
{"tweet_id":1395614507041439746,"user_username":"stevenpr1977","text":"@Dsoenens Duts https:\/\/t.co\/CcpDw1Jh5u","favorite_count":1,"retweet_count":0,"created_at":1621575402000,"location":"Belgium","hashtags":[]}
{"tweet_id":1395613340542636040,"user_username":"Dennis74665495","text":"@Dsoenens Duts!","favorite_count":0,"retweet_count":0,"created_at":1621575124000,"location":"Overal en nergens","hashtags":[]}
{"tweet_id":1395603060269805569,"user_username":"GilasKayuman","text":"@BuitreNicolas Yes. Except GMA got out a month just after DU30 sworn in.\nShe's believed to be the main sponsor (4B) of Duts candidacy.","favorite_count":4,"retweet_count":0,"created_at":1621572673000,"location":"","hashtags":[]}
{"tweet_id":1395602513068367875,"user_username":"WomanityMP","text":"@isabelmerana In fairness sa Sinovac, 67% ang efficacy rate. Si Duts, 3% ang competency rate (and I'm being magnanimous here huh). \n#DutertePalpak","favorite_count":4,"retweet_count":2,"created_at":1621572542000,"location":"Kenya","hashtags":[{"text":"DutertePalpak","indices":[132,146]}]}
{"tweet_id":1395588402901254150,"user_username":"charlesvergara_","text":"@chikoritangina erratum: duts with besties! \ud83e\udd7a","favorite_count":1,"retweet_count":0,"created_at":1621569178000,"location":"moon","hashtags":[]}
{"tweet_id":1395537251505872896,"user_username":"j_duts","text":"@HeatvsHaters Bro Bam is getting snubbed way too much from team USA to MIP last year the DPOY this year","favorite_count":2,"retweet_count":0,"created_at":1621556983000,"location":"Melbourne, Australia","hashtags":[]}
{"tweet_id":1395526347741560832,"user_username":"Time2Mourn","text":"@marortoll @benign0 I'd call it making us unwilling rubes take substandard shit because your dear Duts loves his Chinese crap so damn much, but what do I know, right?","favorite_count":0,"retweet_count":0,"created_at":1621554383000,"location":"\u59a3\u570b","hashtags":[]}
{"tweet_id":1395520685515096067,"user_username":"mielbabes","text":"@SUGAKSSD @whoisaddison seez duts","favorite_count":0,"retweet_count":0,"created_at":1621553033000,"location":"dont kidnap me ","hashtags":[]}
{"tweet_id":1395500008355639299,"user_username":"zent0FN","text":"@Teyzenftn Call if duts","favorite_count":0,"retweet_count":0,"created_at":1621548103000,"location":"Skreazy\u2022Gaaraaa\u2022Kiru","hashtags":[]}
{"tweet_id":1395494985072447493,"user_username":"__dutS","text":"@opmSara All bad Smfh","favorite_count":0,"retweet_count":0,"created_at":1621546906000,"location":"","hashtags":[]}
{"tweet_id":1395477450071724036,"user_username":"bo55uts","text":"@billyirwinduts @TonyCleugh @dunstonutsfc @BillyIrwin_DUTS Any time fella . I need you painting not drinking","favorite_count":2,"retweet_count":0,"created_at":1621542725000,"location":"","hashtags":[]}
{"tweet_id":1395438402724638724,"user_username":"billyirwinduts","text":"@bo55uts @TonyCleugh @dunstonutsfc @BillyIrwin_DUTS Thanx mate \ud83d\ude02","favorite_count":0,"retweet_count":0,"created_at":1621533415000,"location":"","hashtags":[]}
{"tweet_id":1395436753075548166,"user_username":"bo55uts","text":"@TonyCleugh @dunstonutsfc @billyirwinduts Please ban @BillyIrwin_DUTS  &amp; @billyirwinduts","favorite_count":2,"retweet_count":0,"created_at":1621533022000,"location":"","hashtags":[]}
{"tweet_id":1395403149037408257,"user_username":"butterflines","text":"Neez duts","favorite_count":4,"retweet_count":0,"created_at":1621525010000,"location":"19 | she\/\u0647\u064a","hashtags":[]}
{"tweet_id":1395401566262284289,"user_username":"iNomLight","text":"Neez duts","favorite_count":36,"retweet_count":5,"created_at":1621524633000,"location":"tw ed sh nsfw","hashtags":[]}
{"tweet_id":1395400456399171585,"user_username":"oops_all_smiles","text":"@rey3moon neez duts\nga, hoddem!","favorite_count":0,"retweet_count":0,"created_at":1621524368000,"location":"they\/them","hashtags":[]}
{"tweet_id":1395388710217158656,"user_username":"wayfarer818","text":"@societyofhonor Duts' fanboys\/fangirls hastily dismiss the Hague ruling for 3 basic reasons:\n\n1 It's a monkey see, monkey do world they live in.\n\n2 They think it deals only with WPS.\n\n3 The implicit significance and benefits it confers on stakeholders in SCS are just beyond their comprehension.","favorite_count":3,"retweet_count":0,"created_at":1621521568000,"location":"Metro Manila, Philippines","hashtags":[]}
{"tweet_id":1395377737909645319,"user_username":"gyuriio","text":"neez duts","favorite_count":0,"retweet_count":0,"created_at":1621518952000,"location":"\u3014 he \/ they \u3015, 18 \ud83c\udf7f","hashtags":[]}
{"tweet_id":1395367684905209864,"user_username":"dagapusa","text":"@inquirerdotnet @CMRamosINQ I don't think a joint announcement will be a problem for VP Leni. If Duts really want to make the vaccination work, Duts should ask VP Leni for help. Both of them will show themselves on TV and make the joint announcement. Plain and simple.","favorite_count":0,"retweet_count":0,"created_at":1621516555000,"location":"","hashtags":[]}
{"tweet_id":1395367197338443779,"user_username":"B1TCHBOO","text":"@buzzietwt EATING DEEZ DUTS LETS FUCKING GOOOOO","favorite_count":0,"retweet_count":0,"created_at":1621516439000,"location":"highschooler  \u20393  \u3042\u306a\u305f\u306e\u304a\u6bcd\u3055\u3093\u3092\u3084\u3063\u3066","hashtags":[]}
{"tweet_id":1395360236009971716,"user_username":"ELMenteVerde","text":"@piaranada @rapplerdotcom If that is the topic then what positive thing will Duts say?","favorite_count":0,"retweet_count":0,"created_at":1621514779000,"location":"I live in the world of Twitter","hashtags":[]}
{"tweet_id":1395352838541250560,"user_username":"rojan88","text":"@MaamSyj aww so if they managed to get the herd immunity by december then tuloy ang happy days ng duts admin sa 2022 onwards?","favorite_count":1,"retweet_count":0,"created_at":1621513015000,"location":"Majayjay, Laguna | Philippines","hashtags":[]}
{"tweet_id":1395347936603643910,"user_username":"khaenriahpr1nce","text":"@RAIIDENMEII Neez duts","favorite_count":0,"retweet_count":0,"created_at":1621511847000,"location":"screaming in my room probably","hashtags":[]}
{"tweet_id":1395345384596119554,"user_username":"wayfarer818","text":"@cnnphilippines This is just for cosmetic purposes\n\nConfident that GMA with her known ties with Chinese businesses, FVR who approves of his strongman style, and Erap who is too frail to disagree will all be on his side,  Duts is only seeking validation on his already failed policy shift to China","favorite_count":0,"retweet_count":1,"created_at":1621511238000,"location":"Metro Manila, Philippines","hashtags":[]}
{"tweet_id":1395337628543852546,"user_username":"JackDyson_6","text":"@onion_saji Neez duts","favorite_count":1,"retweet_count":0,"created_at":1621509389000,"location":"Hull, England","hashtags":[]}
{"tweet_id":1395329887687168000,"user_username":"khaenriahpr1nce","text":"@dainsverse neez duts","favorite_count":0,"retweet_count":0,"created_at":1621507543000,"location":"screaming in my room probably","hashtags":[]}
{"tweet_id":1395327274082213889,"user_username":"DramaQueenLei18","text":"Ugh Duts and his cohorts shouldn\u2019t have ordered more Sinovac vaccines. The Philippine economy relies on the OFW remittances, if OFWs aren\u2019t allowed to enter the EU and other developed countries to work and then send money home what will happen to our economy then?","favorite_count":0,"retweet_count":0,"created_at":1621506920000,"location":"Metro Manila,Philippines","hashtags":[]}
{"tweet_id":1395323976562339841,"user_username":"duts_tk","text":"@nrthsnmr @BTS_twt Done kak, wish me luck mau Spotify kaa\n\nI'm vote @BTS_twt for #BBMAsTopSocial","favorite_count":0,"retweet_count":0,"created_at":1621506134000,"location":"itaewon","hashtags":[{"text":"BBMAsTopSocial","indices":[81,96]}]}
{"tweet_id":1395295217960378373,"user_username":"wayfarer818","text":"@inquirerdotnet @KAguilarINQ Nothing is resolved with the NSC because Esperon's hands and those of other members are tied, all due to Duts' loud and clear policy shift toward China\n\nHow can anyone expect any NSC recommendation that pushes back China when a pull towards China is the existing, dominant policy?","favorite_count":2,"retweet_count":0,"created_at":1621499277000,"location":"Metro Manila, Philippines","hashtags":[]}
{"tweet_id":1395284205781676033,"user_username":"jetsetterbanker","text":"@perrygarcia @JRhyan @OscarDelaHopia Hey Perry! Hmm as of now Sinopharm has no Emergency Authorization Use granted to that e (that\u2019s why many eyebrows raised why Duts used that vaccine for his public vaccination). If wifey has A3 (co-morbidities, including asthma), baka pwede na thru LGU","favorite_count":2,"retweet_count":0,"created_at":1621496652000,"location":"Makati City, National Capital Region","hashtags":[]}
{"tweet_id":1395248065947131906,"user_username":"meowwclover","text":"duts \ud83d\udd95","favorite_count":0,"retweet_count":0,"created_at":1621488036000,"location":"","hashtags":[]}
{"tweet_id":1395242863965863937,"user_username":"SugarCaffeineHI","text":"@TeddyBaguilatJr Personal: Decontaminate the Duterte toxin from AFP\/PNP, return to rule of law. Strategically &amp; hypothetically speaking tho, people who care about this issue will probably gravitate to whoever challenges the PDuts anointed. Preaching to the choir, so better maximize other issues.","favorite_count":1,"retweet_count":0,"created_at":1621486795000,"location":"Manila, Philippines","hashtags":[]}
{"tweet_id":1395213074643111937,"user_username":"khaenriahpr1nce","text":"@iDateFuHua Neez duts","favorite_count":1,"retweet_count":0,"created_at":1621479693000,"location":"screaming in my room probably","hashtags":[]}
{"tweet_id":1395202373111353346,"user_username":"Coffecup__","text":"@patisseura morning duts","favorite_count":0,"retweet_count":0,"created_at":1621477142000,"location":"","hashtags":[]}
{"tweet_id":1395176662090883074,"user_username":"Czernobogzzz","text":"Parang with what's happening in the country and sure thing it's going more downhill, ayokong si Veeps Leni ang umako lahat ng mess ni Duts if ever. Naaawa lang ako sa kanya especially if she doesn't have strong allies around. She deserves better.","favorite_count":0,"retweet_count":0,"created_at":1621471012000,"location":"Republic of the Philippines","hashtags":[]}
{"tweet_id":1395175188715671562,"user_username":"Time2Mourn","text":"@raissawriter Duts loving Chinese authoritarianism to the degree that he does is creepy enough, but forcing his tastes on millions is truly something else","favorite_count":0,"retweet_count":0,"created_at":1621470660000,"location":"\u59a3\u570b","hashtags":[]}
{"tweet_id":1395175113566392325,"user_username":"mythspyttv","text":"neez duts","favorite_count":0,"retweet_count":0,"created_at":1621470642000,"location":"any pronouns *does a dance*","hashtags":[]}
{"tweet_id":1395154451913232389,"user_username":"Dennis74665495","text":"@peterkendy @vlbelang Duts","favorite_count":0,"retweet_count":0,"created_at":1621465716000,"location":"Overal en nergens","hashtags":[]}
{"tweet_id":1395130910060777475,"user_username":"erick_duts","text":"Origami","favorite_count":1,"retweet_count":0,"created_at":1621460103000,"location":"","hashtags":[]}
{"tweet_id":1395086693439574023,"user_username":"billyirwinduts","text":"@dunstonutsfc Welcome to the club mate #duts","favorite_count":3,"retweet_count":0,"created_at":1621449561000,"location":"","hashtags":[{"text":"duts","indices":[39,44]}]}
{"tweet_id":1395067470365483009,"user_username":"wheniwasaIive","text":"neez duts","favorite_count":10,"retweet_count":1,"created_at":1621444978000,"location":"he\/xe\/it\/pup\/cro","hashtags":[]}
{"tweet_id":1395056134700953603,"user_username":"Lynsey_mcd","text":"@charlirae__ @mmateww @J4CKMULL Dust smh charli smh unless u meant duts then imma stfu Lol \u2764\ufe0f","favorite_count":4,"retweet_count":0,"created_at":1621442276000,"location":"","hashtags":[]}
{"tweet_id":1395040808429146120,"user_username":"koocxre","text":"@jhstao shes a dds who got viral bc of her tiktoks bashing people who criticize her left and right,,, she basically had big platform to spread duts agenda but she finally got suspended on twt and tiktok \ud83d\ude0c","favorite_count":0,"retweet_count":0,"created_at":1621438621000,"location":"she\/her \u2022 akgaes + minors dni","hashtags":[]}
{"tweet_id":1394966697409400834,"user_username":"YoopClarEnean","text":"@MaamSyj Louder po, for people at the back! I am A3 (&amp; critical of Duts' botched vaccine procurement) but I CHOSE Sinovac. Magwo-work naman, if one reads the effectiveness studies critically. But we can't expect public to have team mindset, kung mga opisyales nauuna pa sa Pfizer etc.","favorite_count":2,"retweet_count":0,"created_at":1621420952000,"location":"","hashtags":[]}
