{"tweet_id":1396002933540417539,"user_username":"spy_digong","text":"Alaws aim\ud83e\udd26","favorite_count":0,"retweet_count":0,"created_at":1621668010000,"location":""}
{"tweet_id":1396002010822971396,"user_username":"zaldytor","text":"We need legal 'patriotic' minds not puppet for China to convinced that WPS isn't worth fighting for.\n\nErap, Gloria are just Digong's diversionary tactic to condition public opinions on WPS. \n\nGloria, Erap agree to meet Duterte on West Philippine Sea issues\nhttps:\/\/t.co\/KvhRzu74qY","favorite_count":0,"retweet_count":1,"created_at":1621667790000,"location":""}
{"tweet_id":1395965459879452675,"user_username":"ralphwaldomc","text":"Done bathing the dogs. Time to listen to Olivia Digong.","favorite_count":2,"retweet_count":0,"created_at":1621659076000,"location":"The Universe, Rather"}
{"tweet_id":1395957590215991297,"user_username":"n4qpu","text":"@KoigoesB Not gonna happen in Digong's time, and this must be continued for a long time to maintain peace between warring countries","favorite_count":1,"retweet_count":0,"created_at":1621657199000,"location":""}
{"tweet_id":1395917886485454849,"user_username":"sevillathom1","text":"The #buildbuildbuild King....correct me if I'm wrong I think Mayor Digong is on a par or yet more than Marcose's infrastructure projects ... https:\/\/t.co\/dHLmyOK75S","favorite_count":0,"retweet_count":0,"created_at":1621647733000,"location":"Cebu City, Philippines"}
{"tweet_id":1395876130859540480,"user_username":"Bluenun531","text":"@wengsalvacion @gmanews Go isn\u2019t ready for anything. He\u2019s only ready willing and able to be a certified ALALAY to Digong and that\u2019s his expertise","favorite_count":0,"retweet_count":0,"created_at":1621637778000,"location":"Pasig City, National Capital Region"}
{"tweet_id":1395683341479792646,"user_username":"10nisjunkie","text":"@inquirerdotnet @DYGalvezINQ They should ask first whether she's agreeable to do an infomercial with Digong. Huwag namang pangunahan.","favorite_count":0,"retweet_count":0,"created_at":1621591813000,"location":""}
{"tweet_id":1395672017261633543,"user_username":"starkverse","text":"Oo so Digong ung DON'T - non fda illegally smuggled vaccine\n\nTas si Leni ung DO - registered, lined up and got vaccinated sa DOH designated vaccine center\n\nSakto nga yan https:\/\/t.co\/ediskVHlRG","favorite_count":1,"retweet_count":0,"created_at":1621589113000,"location":"Flying Away From Earth Stat"}
{"tweet_id":1395638810499637252,"user_username":"LambertPablo1","text":"Digong most likely https:\/\/t.co\/uhSx7vDmhp","favorite_count":0,"retweet_count":0,"created_at":1621581196000,"location":"National Capital Region, PH"}
{"tweet_id":1395636837062828033,"user_username":"tribunephl","text":"Malaca\u00f1ang on Friday thumbed down the proposed vaccination infomercial that would feature President Rodrigo Duterte and Vice President Leni Robredo endorsing all vaccines.\n\nhttps:\/\/t.co\/796D4QGZJy","favorite_count":1,"retweet_count":1,"created_at":1621580726000,"location":"Makati City"}
{"tweet_id":1395627969486467072,"user_username":"OpinYonNews","text":"From Digong orders fast-tracking of vaccination program to President won\u2019t compromise PH sovereignty. Check out what Panelo said...\n#vaccines #sovereignty #OpinYon #WeTakeAStand\u00a0 \n\nhttps:\/\/t.co\/5UcaxMx0uC","favorite_count":0,"retweet_count":0,"created_at":1621578612000,"location":""}
{"tweet_id":1395622778330509312,"user_username":"tolits06604172","text":"@manilabulletin No need for Leni, just a shout out from Digong to his 97% fanatics, automatic herd immunity agad.","favorite_count":0,"retweet_count":0,"created_at":1621577374000,"location":""}
{"tweet_id":1395616429332787203,"user_username":"HinolanYu","text":"Why only russia &amp; china believe that digong responds correctly re COVID 19 WHILE THE REST OF THE WORLD SAY OTHERWISE?","favorite_count":0,"retweet_count":0,"created_at":1621575860000,"location":"Rep\u00fablica de Filipinas"}
{"tweet_id":1395610097087246344,"user_username":"HonestLilVixen","text":"@CarlosAMMags @marortoll She refused to disclose what happened to the monetary donations. Porke daw ba kasi babae siya hinihingan siya report about that tapos si Digong ayaw ilabas ang SALN \ud83d\ude02 She really thought that people would buy that \ud83d\ude13","favorite_count":0,"retweet_count":0,"created_at":1621574350000,"location":""}
{"tweet_id":1395602253701021701,"user_username":"shydeeeeer","text":"@boochanco Man, friendship is built with trust not with words. Tatay Digong certainly delivered for them. I don't think that the friendship between the two is near its end. Help for 2022 is still needed. Also, it is just one of the many jokes of Tatay Digong, just like his jetski line. \ud83d\udc4a\ud83d\udca9","favorite_count":0,"retweet_count":0,"created_at":1621572480000,"location":"PILIPINAS"}
{"tweet_id":1395585558659825669,"user_username":"OustABadBoyDown","text":"Dunno if it's just me but ith kinda symbolic as to what kinds of ways this govt would go through to protect wanted Chinese people, rather than protecting its own people. If it means changing nationality, then I bet hell yes Digong would help his Chinese criminal friends lol lol","favorite_count":0,"retweet_count":0,"created_at":1621568500000,"location":""}
{"tweet_id":1395582146299957248,"user_username":"HRonlinePH","text":"[Right-Up] Digong and Johnny, Classic Leviathans | Norman\u00a0Novio https:\/\/t.co\/AV3G0RUjVA","favorite_count":1,"retweet_count":0,"created_at":1621567686000,"location":"Philippines"}
{"tweet_id":1395576799166275584,"user_username":"RickyLao3","text":"https:\/\/t.co\/gnNznCbLm3       The statement of Digong that our arbitral win against China on WPS is a piece of paper and needs to be thrown in waste basket is DANGEROUS https:\/\/t.co\/yHOm8oPBhw","favorite_count":0,"retweet_count":0,"created_at":1621566412000,"location":""}
{"tweet_id":1395576437575274502,"user_username":"zaldytor","text":"@Dusa2Me The flags decoration in him isn't a true reflection of Patriotism but the dynasty of Digong's loyalist.","favorite_count":2,"retweet_count":1,"created_at":1621566325000,"location":""}
{"tweet_id":1395573094807310336,"user_username":"MyOtherNam","text":"@gmanews If only digong acted as diligent good father of the family, inferior sinovac is unacceptable having other better choices. Kickvac lang ang dahilan pinagpilitan eto para sa commission.","favorite_count":0,"retweet_count":0,"created_at":1621565528000,"location":"National Capital Region, Repub"}
{"tweet_id":1395567801092304899,"user_username":"molavefinds","text":"@AlisonPereiraPH @PHPrimeMinister I think the looney plum prize goes to senator V for suggesting #AlingLeni &amp; DU30 do a #VaccineAgnostic infomercial together. Do these f*ckhard dilawans even think Digong will  acquiesce to such nefarious media optics baiting by piggybacking on Duterte's brand? https:\/\/t.co\/0uulnKjRkK","favorite_count":0,"retweet_count":0,"created_at":1621564266000,"location":"Makati CBD 1226"}
{"tweet_id":1395556528946548740,"user_username":"ris92","text":"@CallMeSloane True! I learned a lot from him. Vocabulary. History. The art of war. Compassion. Patriotism. Galing galing ni Tatay Digong!","favorite_count":2,"retweet_count":0,"created_at":1621561579000,"location":""}
{"tweet_id":1395540157009260547,"user_username":"1agrohomes","text":"@iamtix95 Thanks. Also, avoid reading about Digong's antics or else your bp will soar through the roof.","favorite_count":4,"retweet_count":0,"created_at":1621557675000,"location":"Las Pi\u00f1as"}
{"tweet_id":1395433251477524483,"user_username":"B_Lessi","text":"Piano is some sort of a digong that went to private school and it thinks it\u2019s boujee but it stays in the ghetto","favorite_count":0,"retweet_count":0,"created_at":1621532187000,"location":"Windhoek | Nelspruit | Harare "}
{"tweet_id":1395413031497048064,"user_username":"krizzy_kalerqui","text":"Senate is a house of debates, questioning, and interpellations. Digong\u2019s yaya feels he\u2019s untouchable, yet he can\u2019t defend himself in a plenary of wits and reasoning. \ud83d\ude44\n\nThis is such a satisfying read. Show us the video! \ud83e\udd23 https:\/\/t.co\/yn60Q6Mfrz","favorite_count":114,"retweet_count":20,"created_at":1621527366000,"location":"Manila, Philippines"}
{"tweet_id":1395392560906919936,"user_username":"FELIXJRSANBUEN1","text":"STUFID IDIOTIC FOOLS BUT WHAT ABOUT CLOSED FIST OF DIGONG LOOK BUT COMMUNIST CHINA SUBSERVIENT FOOLS INSTEAD, AS WELL! https:\/\/t.co\/ZsFCOt5ASH","favorite_count":1,"retweet_count":0,"created_at":1621522486000,"location":""}
{"tweet_id":1395352070052450314,"user_username":"gumbyrasp","text":"@inquirerdotnet He\u2019s just living up to his old campaign promise that goes, \u201cGusto ko happy ka!\u201d Haping-hapi nga si digong.","favorite_count":0,"retweet_count":0,"created_at":1621512832000,"location":""}
{"tweet_id":1395342923059765248,"user_username":"JDWNSUN","text":"@IanneBebo2017 I\u2019ve never defended any President the way I defend respect Tatay Digong. He\u2019s by far the best President of our country I had the opportunity to witness. The other was FM. \ud83c\uddf5\ud83c\udded\ud83d\udc4a\ud83c\udffb\ud83d\udc4a\ud83c\udffb\ud83d\udc4a\ud83c\udffb\ud83d\udc4a\ud83c\udffb","favorite_count":2,"retweet_count":1,"created_at":1621510651000,"location":""}
{"tweet_id":1395322415220019203,"user_username":"easuguitan","text":"Knowing how packed with digong loyalists the House is, I'm worried. https:\/\/t.co\/wExIfzX8QB","favorite_count":2,"retweet_count":0,"created_at":1621505762000,"location":"atot "}
{"tweet_id":1395320803143536645,"user_username":"rainbow06406065","text":"Digong is the scourge of the Filipino people from 2016 until2022. All this Regime has done is inflict division among Filipinos, make life miserable for the poor people, kill the youth &amp; the innocent, protect his team of liars, killers, thieves, accusers &amp; originator of fake news. https:\/\/t.co\/4f4xOVWT6v","favorite_count":0,"retweet_count":0,"created_at":1621505377000,"location":""}
{"tweet_id":1395300397154062339,"user_username":"ManuelPSev","text":"@TheDoctorLuck @edgarray97 And these are free. Digong is right. We don\u2019t get to choose if we\u2019re not paying for it directly. Yes taxpayers money but this is a pandemic. Wag choosy\u2026","favorite_count":5,"retweet_count":0,"created_at":1621500512000,"location":"Manila"}
{"tweet_id":1395299620369035265,"user_username":"junepineda8","text":"@lcmlaw_ph Want to witness a persons real attitude,give him(digong)money and power","favorite_count":2,"retweet_count":0,"created_at":1621500327000,"location":"National Capital Region, Repub"}
{"tweet_id":1395282186144677892,"user_username":"Nico_CAN_DO","text":"@manilabulletin If the other late Presidents and constitutionalists were alive, Digong would have on this meeting Apo Marcos, Arturo Tolentino, Jovy Salonga, Joaquin Bernas, Miriam Santiago, and other former Chief Justices.","favorite_count":2,"retweet_count":0,"created_at":1621496170000,"location":"Philippines"}
{"tweet_id":1395280100535390210,"user_username":"rjpajaron","text":"@mlq3 Transperancy, openness, choice. What is harder? Why foster dishonesty? Digong and. Company got Vax throu dirty channel. They themselves are stupid of company.","favorite_count":1,"retweet_count":0,"created_at":1621495673000,"location":""}
{"tweet_id":1395257742399447041,"user_username":"BjornLegazpi","text":"Pfizer is proof of Duterte's blunder after blunder.\n\nDigong wanted to force Sinovac on Filipinos, and now even gags LGUs from revealing their vaccine's brand.\n\nWhat we have now is not vaccine, but Sinovac hesistancy. You reap what you sow.\n#DutertePalpak https:\/\/t.co\/6Xotqqz6wm","favorite_count":0,"retweet_count":0,"created_at":1621490343000,"location":""}
{"tweet_id":1395232669223378947,"user_username":"zaldytor","text":"Will Digong be able to grasp the understanding that EEZ is part of our serious food security? https:\/\/t.co\/8J6CJbQrAS","favorite_count":9,"retweet_count":4,"created_at":1621484365000,"location":""}
{"tweet_id":1395214199026900993,"user_username":"RickyLao3","text":"https:\/\/t.co\/gnNznCbLm3    Difference between Pinoy and Digong https:\/\/t.co\/fLsQfoQhJr","favorite_count":0,"retweet_count":0,"created_at":1621479961000,"location":""}
{"tweet_id":1395206269938683907,"user_username":"buzzlightyear58","text":"Pooh knows that Digong is very dependable, indeed!\n\nPhilippines' Duterte issues gag order over South China Sea https:\/\/t.co\/g1E5SwDWDM","favorite_count":0,"retweet_count":0,"created_at":1621478071000,"location":"USA"}
{"tweet_id":1395203959124492289,"user_username":"tolits06604172","text":"@rapplerdotcom Digong left the chat \ud83d\udc22","favorite_count":2,"retweet_count":0,"created_at":1621477520000,"location":""}
{"tweet_id":1395198202765213699,"user_username":"CallMeSloane","text":"@k3lv1nNcelcius With disapproval or distrust : scornfully Manny eyed Tatay Digong askance. Many critics like Pacquioa have looked askance at the proposal of President Duterte regarding the WPS\ud83e\udd2d\ud83d\ude05\ud83d\ude05 ang sarap gamitin yung askance vocabulary ni Tatay Digong\ud83d\ude05\ud83d\ude05\ud83d\udc4a\ud83d\udc4a","favorite_count":5,"retweet_count":1,"created_at":1621476147000,"location":""}
{"tweet_id":1395195684131786752,"user_username":"isleGirl31","text":"Digong and Manong Johnny.\ud83d\udc4c #QuidProQuo https:\/\/t.co\/sDXZmUd4PZ","favorite_count":2,"retweet_count":0,"created_at":1621475547000,"location":"Republic of the Philippines"}
{"tweet_id":1395183004000034817,"user_username":"CallMeSloane","text":"I noticed President Duterte's vocabulary is truly exemplary,\nAnother one for my collection. Nary, faux pas, brouhaha, bravado and now askance.These are words I've learned from reading Mills and Boon. I've never heard anyone speak these words, just Tatay Digong \ud83e\udd70\ud83d\udc4a\ud83d\udc4a","favorite_count":352,"retweet_count":40,"created_at":1621472524000,"location":""}
{"tweet_id":1395172829021229063,"user_username":"Arch_MarJoel","text":"Sick of this narrative: If you don\u2019t support digong then don\u2019t use his bbb projects.      Hmmmm. Can this be equated to: if you criticize past admin then don\u2019t use their X projects. We don\u2019t owe them the money used in ths projects. They are Filipinos\u2019 taxes working for everyone.","favorite_count":0,"retweet_count":0,"created_at":1621470098000,"location":"Calapan City, Mimaropa"}
{"tweet_id":1395140745388990469,"user_username":"ernanskie","text":"@PhilstarNews DDS? You don't have any choice, better take Sinovac no questions asked, says Digong.\n\nI am not Duterte puppet, so I'll wait for the right time and picked the vaccine I want. For now, you Duterte puppets can't choose.","favorite_count":1,"retweet_count":0,"created_at":1621462448000,"location":"Olongapo City, Philippines"}
{"tweet_id":1395140341099991042,"user_username":"ernanskie","text":"@PhilippineStar First of... hindi pera ni Digong ang winawaldas nya, it is our taxes. OUR MONEY. So we have the right to know what is being paid for vaccines.\n\nSecond, most of vaccines available are but DONATIONS... so don't assume we can't demand what they are. Stop assuming we're that stupid.","favorite_count":1,"retweet_count":0,"created_at":1621462352000,"location":"Olongapo City, Philippines"}
{"tweet_id":1395046388262572033,"user_username":"spy_digong","text":"The Nights \/\/ Avicii","favorite_count":2,"retweet_count":0,"created_at":1621439952000,"location":""}
{"tweet_id":1395032637882855437,"user_username":"bobi43205369","text":"@inquirerdotnet @MAgerINQ Digong even issued a gag order to all in gov't to stop issuing public statements about WPS such that all gov't   issues and actions are kept secret from the people.","favorite_count":3,"retweet_count":0,"created_at":1621436673000,"location":"calabarzon"}
{"tweet_id":1395029707750404097,"user_username":"spy_digong","text":"@Al13nTheGreat Matic pare!","favorite_count":0,"retweet_count":0,"created_at":1621435975000,"location":""}
{"tweet_id":1395019282023473155,"user_username":"Dreapi44","text":"@TrillanesSonny @sejoalzir His bailiwick is people who hate digong! Madami https:\/\/t.co\/OFeTGfGcKA the military.","favorite_count":0,"retweet_count":0,"created_at":1621433489000,"location":""}
{"tweet_id":1395002570725228549,"user_username":"tolits06604172","text":"@rapplerdotcom Criminal witnesses against De Lima \nPlunderer individual with Digong. https:\/\/t.co\/Jod5EWBHne","favorite_count":0,"retweet_count":0,"created_at":1621429505000,"location":""}
{"tweet_id":1394998758585245701,"user_username":"dairo_fernando","text":"@LeriaWorkman @datumx11 Speaking of communist Countries.. Love ni digong.. Local communists, hate niya.. Why? \ud83d\ude1d\ud83d\ude1d","favorite_count":2,"retweet_count":0,"created_at":1621428596000,"location":""}
{"tweet_id":1394987474250870787,"user_username":"KoigoesB","text":"And the same time, I regretted to be a DDS because I will be disowned and laughed by many ppl, but I rather be a DDS than to be a pawoke who is always sympathizing the woketards and support tatay digong","favorite_count":0,"retweet_count":0,"created_at":1621425906000,"location":"Cebu City, Central Visayas"}
{"tweet_id":1394914835180122112,"user_username":"tolits06604172","text":"@rapplerdotcom @maracepeda More harm than good for Digong for inviting this guy. https:\/\/t.co\/lKzmxNRrgx","favorite_count":0,"retweet_count":0,"created_at":1621408587000,"location":""}
{"tweet_id":1394911331535396866,"user_username":"tolits06604172","text":"@rapplerdotcom Just saw viral video in FB, he was shouting FU Digong! All comments I read was about praising him. https:\/\/t.co\/iJ62ZtJQRb","favorite_count":0,"retweet_count":0,"created_at":1621407752000,"location":""}
{"tweet_id":1394910645053640710,"user_username":"shydeeeeer","text":"@teddyboylocsin Hahaha! You meant the same thing Ted, you just can't say it straight to a very good friend of Tatay Digong.","favorite_count":0,"retweet_count":0,"created_at":1621407588000,"location":"PILIPINAS"}
{"tweet_id":1394899307086499844,"user_username":"873e10fe13eb4cf","text":"@News5PH Better a yes man to Digong than to Cory eh, Orlando?","favorite_count":0,"retweet_count":0,"created_at":1621404885000,"location":""}
{"tweet_id":1394891443672522753,"user_username":"mikel33torres","text":"I am today years old when I learned that Digong has a patron saint. https:\/\/t.co\/OGwIyY4jwg","favorite_count":0,"retweet_count":0,"created_at":1621403010000,"location":""}
{"tweet_id":1394889837820317699,"user_username":"nowell70","text":"@Pampalomaris DIGONG FUCK YOU!...Hahahaha...A Very Cool Lolo...One more LOLO.....DIGONG FUCK YOU!....","favorite_count":2,"retweet_count":0,"created_at":1621402627000,"location":"Islas de Filipinas"}
{"tweet_id":1394862610344861697,"user_username":"mrkjsntgnd","text":"She fell in love with Digong, but all she got was \"Putang ina mo\" https:\/\/t.co\/GP3lyi2b33","favorite_count":4,"retweet_count":0,"created_at":1621396136000,"location":""}
{"tweet_id":1394859874152902659,"user_username":"mikefuckingdee","text":"@pebbykins @zryanverse Buhay pa pala siya. After all of Digong\u2019s tirades against women you\u2019d think she be long gone by now","favorite_count":1,"retweet_count":0,"created_at":1621395483000,"location":""}
{"tweet_id":1394846934125268992,"user_username":"imdtDude","text":"@Mel_Chor2021 Para sa akin 'sympathy votes' no longer works after what this admin done and the unmasking of only regime. The magic is no longer there. Tatay Digong already sets the bar high for the next pres. Kahit sino kakabahan. \ud83d\ude0a","favorite_count":16,"retweet_count":1,"created_at":1621392398000,"location":"MNL DUBAI LA"}
{"tweet_id":1394844985745231878,"user_username":"imdtDude","text":"The first world bus stops along EDSA soon. I'd really like to see this in my lifetime. \n\nTatay Digong legacy sets the bar high for the next president, for the next generation of Filipinos. \ud83d\udc4f\ud83d\udc4f\ud83d\udc4f\n\nKaya kinakabahan sino man ang susunod na pangulo.\n\n#BuildBuildBuild #DuterteLegacy https:\/\/t.co\/gP9nccUQld","favorite_count":3,"retweet_count":0,"created_at":1621391934000,"location":"MNL DUBAI LA"}
{"tweet_id":1394836985118826497,"user_username":"fangkkoy","text":"@gmanews Is he running in 2022? he sounds like carpio.\n\nIs he still connected to Mighty Corporation who got arm-twisted by Digong for defrauding BIR of billions in taxes?","favorite_count":0,"retweet_count":0,"created_at":1621390026000,"location":"Nuvali, Philippines "}
{"tweet_id":1394792693897654272,"user_username":"zaldytor","text":"@SyLicoNgaAko Digong was caught in between, Synopharm failed to delivered the desired efficacy\ud83d\ude02\ud83d\ude05 https:\/\/t.co\/yV7JcXh3Gf","favorite_count":4,"retweet_count":0,"created_at":1621379466000,"location":""}
{"tweet_id":1394787639782375425,"user_username":"Bert_Control","text":"@PhilstarNews How can we have a double digit when our economy contracted? Again thanks to Digong's GREAT MANAGEMENT SKILL... \n\nHE JUST WON THE MIS S MANAGEMENT OF THE YEAR.","favorite_count":0,"retweet_count":0,"created_at":1621378261000,"location":""}
{"tweet_id":1394785422375489537,"user_username":"harveyvore_","text":"Wew Digong making a valid argument. Ginoo=God in a number of Philippine languages https:\/\/t.co\/EqoXdLgeXG","favorite_count":0,"retweet_count":0,"created_at":1621377733000,"location":"Quezon City, National Capital Region"}
{"tweet_id":1394774393859936258,"user_username":"IRRELEVANTguy08","text":"@noelledeg @bisdak_the @bnmcv145 @bashgita In the first place hindi nga siya commended ng WHO the only chinese vaccine that's been approved is SINOPHARM which is the vaccine na tinurok kay digong (as his first dose kuno but i doubt)","favorite_count":0,"retweet_count":0,"created_at":1621375103000,"location":""}
{"tweet_id":1394767807481479172,"user_username":"thegenghiskuan","text":"If we\u2019re going to talk about combat re WPS, edi pasakop nalang tayo totally sa China if that\u2019s your argument kesyo we cannot fight them. Laws are put in place to protect us from engaging in a gunfight. Digong, c\u2019mon man. It\u2019s not yet too late. You know there\u2019s a way around this.","favorite_count":1,"retweet_count":0,"created_at":1621373533000,"location":"The Land Of Promise"}
{"tweet_id":1394670465357123588,"user_username":"jcalvo98","text":"@ABSCBNNews Let's call him digong na inutil, gago!","favorite_count":1,"retweet_count":0,"created_at":1621350325000,"location":"northeast paradise"}
{"tweet_id":1394629160132173827,"user_username":"Janenuis","text":"Normalize blaming Digong.","favorite_count":1,"retweet_count":0,"created_at":1621340477000,"location":"\u26a1Brief ni Bokuto\u26a1"}
{"tweet_id":1394622029899382788,"user_username":"Supercrusty1","text":"@kathyduterte \ud83d\udc4a\ud83d\udc4a\u2764\ufe0f\u2764\ufe0fhail the oligarch buster...we love u Tatay Digong\ud83d\udc4f\ud83d\udc4f\ud83d\udc4f https:\/\/t.co\/xJ3SVDV39T","favorite_count":9,"retweet_count":2,"created_at":1621338777000,"location":"Cavite\/Tondo\/Malabon"}
{"tweet_id":1394613223425519617,"user_username":"filipino_first","text":"Birds with the same feather flock together. Digong and Enrile are LIARS https:\/\/t.co\/7HxDVL6QFU","favorite_count":1,"retweet_count":0,"created_at":1621336677000,"location":""}
{"tweet_id":1394608229397655555,"user_username":"SMB5peat","text":"BREAKING NEWS\n\nDigong has just appointed JPE as Fountain of Youth Czar https:\/\/t.co\/nfDje3Yryc","favorite_count":0,"retweet_count":0,"created_at":1621335487000,"location":""}
{"tweet_id":1394604953537241094,"user_username":"OpinYonNews","text":"They expressed concern about China forcibly taking a part of the country\u2019s territory, endangering the livelihoods of Filipino fishermen in the process.\u00a0\n#WestPhilippineSea #China #OpinYon #WeTakeAStand\u00a0 \n\nhttps:\/\/t.co\/K87e8Pwa3B","favorite_count":0,"retweet_count":0,"created_at":1621334706000,"location":""}
{"tweet_id":1394594894149263360,"user_username":"juandel40496920","text":"@News5PH Payback time from his release in prison for corruption. Gloria Arroyo is coming soon for digong next press briefing.","favorite_count":0,"retweet_count":0,"created_at":1621332307000,"location":""}
{"tweet_id":1394592330426904581,"user_username":"FangirlZun","text":"Tatay Digong is the president who end criminality, drugs, and corruption with his iron fist https:\/\/t.co\/p51kyvxfcI","favorite_count":7,"retweet_count":3,"created_at":1621331696000,"location":"Republic of the Philippines"}
{"tweet_id":1394580419874476033,"user_username":"BKN_7102","text":"@manilabulletin He's like a rabid dog who barks and barks but nobody really pays attention to him because he's useless. Only people who call him \"Tatay Digong\" still listen and follow him (probably). #mgaTanga","favorite_count":1,"retweet_count":0,"created_at":1621328856000,"location":"Philippines"}
{"tweet_id":1394566613106532352,"user_username":"litodiwa1","text":"How can you boost alliance when Digong swore at Obama, at the EU and quarrel with Canada over garbage. He also deported the Australian nun. On top of that he cancelled the VFA with the US. https:\/\/t.co\/3dq9lYl80O","favorite_count":3,"retweet_count":0,"created_at":1621325565000,"location":""}
{"tweet_id":1394566167079968768,"user_username":"missywitchy1","text":"@ilong_digong @piaranada @rapplerdotcom no plans of shifting","favorite_count":2,"retweet_count":0,"created_at":1621325458000,"location":""}
{"tweet_id":1394563091753365510,"user_username":"FierceTita","text":"*PRRD destroys (the Dilawokes) effortlessly, while the Dilawokes used all their effort and energy destroying PRRD, only to be easily defeated by a Digong one-liner sarcasm.","favorite_count":11,"retweet_count":1,"created_at":1621324725000,"location":""}
{"tweet_id":1394561450325147653,"user_username":"FierceTita","text":"The Dilawokes had 5 years to paint a bad narrative to PRRD using their money, influence, &amp; emotions; but an hour of talk by Mang Juan &amp; Digong destroyed all the narratives that the yellowokes have invested for years with all their might &amp; power. \n\nPRRD destroys effortlessly.","favorite_count":167,"retweet_count":22,"created_at":1621324334000,"location":""}
{"tweet_id":1394554330305286150,"user_username":"ilong_digong","text":"@SenLeiladeLima Basta headless chicken sya at naging eggless pa. PERIOD. Duterte stop saving your balls, your balls quit on you. \ud83d\ude02\ud83d\udc4d","favorite_count":0,"retweet_count":0,"created_at":1621322636000,"location":""}
{"tweet_id":1394553906428923908,"user_username":"ilong_digong","text":"@PiaWurtzbach You're still my crush Ms. Pia.","favorite_count":0,"retweet_count":0,"created_at":1621322535000,"location":""}
{"tweet_id":1394553753412390915,"user_username":"ilong_digong","text":"@alissag_le @PiaWurtzbach To all vietnamese. It is pretty obvious that Ms. Pia is pro Vietnam. Please read her message once more. And again, and again if you can't dig her message right. Just keep on digging til you get it right.  \ud83d\udc4d\ud83d\ude0a","favorite_count":11,"retweet_count":1,"created_at":1621322499000,"location":""}
{"tweet_id":1394552097064976384,"user_username":"ilong_digong","text":"@inquirerdotnet Bluff ka na naman. Dyan ka lang magaling. Can't save your balls duterte. What's done is done. You bluff Carpio, you bluff the Filipinos. Dapat sa yo unang I apply ang anti terror law mo. To D max. U deserved it.","favorite_count":0,"retweet_count":0,"created_at":1621322104000,"location":""}
{"tweet_id":1394542396361175040,"user_username":"RosalJaneRuda","text":"Mao Jud. One thing I don't like about Digong is how he must answer back to his critics. Tapos, may gana pa magtrashtalk. :( https:\/\/t.co\/QVALp75OD3","favorite_count":0,"retweet_count":0,"created_at":1621319791000,"location":"Iligan City, Philippines"}
{"tweet_id":1394539333663686661,"user_username":"gilb18033","text":"@ilda_talk Trillanes to Pinoy: Mr President appoint me as negotiator blah blah!\nPnoy: You're appointed.\n(Pnoy got worst problem) \n\nTrillanes to Mayor Digong: Mayor I want to be your running mate.\nMayor Digong: #NO!\nTrillanes: awr! awr! awr!","favorite_count":9,"retweet_count":2,"created_at":1621319061000,"location":""}
{"tweet_id":1394520442619056128,"user_username":"zaldytor","text":"Digong can't even expedite the best acceptable vaccine &amp; delivery and now even forcing public to stay home?\n\nDuterte said Filipinos who would refuse to get vaccinated against #COVID19 should just \"stay home\" so that they would not infect others.\n\nREAD: https:\/\/t.co\/9DAa6ZxSLY https:\/\/t.co\/FoYQjfMgNW","favorite_count":0,"retweet_count":0,"created_at":1621314557000,"location":""}
{"tweet_id":1394488032342937601,"user_username":"BernieCadao","text":"@AlisonPereiraPH We don't take side on China in fact personally I hate it.\n\nBut the fact that Pnoy failed to act decisively vs China's occupation of Scarborough...\n\nAnd what I hate most that Dilawans are blaming Digong for a paper ruling..","favorite_count":0,"retweet_count":0,"created_at":1621306829000,"location":"Oklahoma City, OK"}
{"tweet_id":1394482009385234432,"user_username":"marjoriesnap","text":"Listening to Enrile's statement during Digong's address last night just gave me mixed thoughts, at the very least.","favorite_count":0,"retweet_count":0,"created_at":1621305393000,"location":"Quezon City, National Capital"}
{"tweet_id":1394464066668691457,"user_username":"Periko68329290","text":"@societyofhonor Speaking of the Liberal Party as \"dilawan\",  Marcos was an original dilawan before he became a standard bearer for the Nacionalista Party. So too with GMA whose father was a dilawan. If Digong was appointed by Cory,  he must be a dilawan too? \ud83d\ude02\ud83d\ude02\ud83d\ude02","favorite_count":2,"retweet_count":0,"created_at":1621301116000,"location":""}
{"tweet_id":1394433569246769152,"user_username":"saintrichard","text":"KISS OF DEATH si Digong sa 2022 elections........he will be suffering the same fate ERAP suffered! https:\/\/t.co\/n8eo0tycYb","favorite_count":0,"retweet_count":0,"created_at":1621293844000,"location":"Philippines"}
{"tweet_id":1394432826208972800,"user_username":"saintrichard","text":"KISS OF DEATH si Digong sa 2022 elections........he will be suffering the same fate ERAP suffered! https:\/\/t.co\/jM5guNflWP","favorite_count":0,"retweet_count":0,"created_at":1621293667000,"location":"Philippines"}
{"tweet_id":1394429452193439747,"user_username":"MauskiesBox","text":"Nice to listen to the conversation of JPE and Digong. These 2 old men are still sharp after all. \ud83d\ude42","favorite_count":0,"retweet_count":0,"created_at":1621292863000,"location":"Bulacan, Central Luzon"}
{"tweet_id":1394427946190835713,"user_username":"masterlights2","text":"@DasVrndavan @Stewart___O @mrsunlawyer Digong: But I didn't see\nThat the joke was on me, oh no","favorite_count":1,"retweet_count":0,"created_at":1621292504000,"location":""}
{"tweet_id":1394421514351648770,"user_username":"llittlemanuell","text":"@ShapoStepOnMe Digong is the type of mfer who would support Israel","favorite_count":0,"retweet_count":0,"created_at":1621290970000,"location":"New York City"}
{"tweet_id":1394370371122393090,"user_username":"bobi43205369","text":"@News5PH Afraid to fix Digong's mess.","favorite_count":0,"retweet_count":0,"created_at":1621278777000,"location":"calabarzon"}
{"tweet_id":1394315095040139266,"user_username":"PretendPretend1","text":"@cringkrung @babeymoch @JamMagno_ @MissUniverse i did not mention mr. digong but gorl being a president is a responsibility, magkaiba yun sa pride of winning a competition that every filipino value at least once a decade. The president holds the nation, while being a miss universe holds the power to impact the whole world.","favorite_count":0,"retweet_count":0,"created_at":1621265598000,"location":""}
{"tweet_id":1394314109357723648,"user_username":"zvzamora","text":"It was the CPP that propagated that we can never trust the US in matters about geopolitics. The US has devious policies when protecting its interests. The Red &amp; its legal fronts do not condemn how the US sold us out on the WPS. Digong was right when he turned away from Uncle Sam. https:\/\/t.co\/RDAlPTcejq","favorite_count":26,"retweet_count":4,"created_at":1621265363000,"location":"Manila, Philippines"}
{"tweet_id":1394297064964591623,"user_username":"OrmanPogi","text":"THANK YOU TATAY DIGONG.\nTHANK YOU LOLO JOHNNY.\n\n#DuterteAllTheWay https:\/\/t.co\/xeuIKbbzww","favorite_count":6,"retweet_count":0,"created_at":1621261299000,"location":"Philippines"}
